electricity_kwh,natural_gas_m3,vehicle_km,flights_km,waste_kg,renewable_pct,avg_temp_c,occupancy,industrial_output,transport_load,sector,region,carbon_kg_co2e
503.366846407793,413.73252756745353,827.7959047489866,2524.521369326921,41.2440465873723,61.31554572029421,27.0652462866671,49.12358464232126,233.08936778040123,388.4467245906797,Industrial,West,2237.85
681.180946005355,422.68085504160496,413.88426351124036,2038.3026549412148,73.4304727419128,37.148150905372425,30.63904272437075,61.84525397114722,270.7312684610652,471.66691514234964,Commercial,West,1802.09
1037.7708015579954,55.8623454422826,600.1811456248038,750.9333227318083,37.78966178837907,24.946896936286166,30.726938265425645,92.7319263561124,481.7168943248843,275.13967506889355,Transport,Central,1225.16
524.858435887591,113.80308330997364,719.3964262782862,6590.978962584532,309.35507285097657,49.92708291532464,27.744713956897023,53.48611927192452,450.8588603331935,158.5452451099985,Industrial,Central,2061.65
856.033838061574,159.857191081156,1043.1503400619933,1784.782602001937,121.26249264464896,13.371722347655401,27.961868123684997,80.3008473014924,230.08321700651834,157.59385128583102,Residential,West,1189.33
922.7145257465486,200.47767938973217,601.6606920685548,971.5150110378687,129.76659951252094,67.22248948609138,27.490976684014022,59.37872823484588,252.7425760120659,244.16554377533186,Transport,South,1326.14
1127.0180297499398,185.52683893258586,766.2564826782165,542.7623358461445,200.9935501977687,47.00868953797185,23.059517333605488,67.34865230412889,370.7389064575313,176.81967353731093,Industrial,East,1897.05
424.76959930266355,164.86457989228052,933.58276477003,654.0143384605462,148.66516896830248,17.760150603093074,23.569737812220236,93.92521962494536,290.22613927630044,170.1673381083824,Industrial,East,1445.69
656.7500374249692,90.35211938886005,1013.3257205026235,2025.091155656183,106.50926442571009,58.831425278928286,23.492548192451807,10.063339148591924,616.4838365999489,107.60323873251875,Residential,West,1132.02
475.9888244534506,213.10579819509272,792.2780370836414,3783.9875178352454,107.07860675241993,79.5327836585729,19.003816116087478,91.0845900326778,256.7824310088924,252.67334630396778,Commercial,Central,1324.71
681.765554532227,219.17161858398566,1725.8239953357318,2415.8418334068774,70.16906843045578,58.87994616671309,27.71429963674205,54.79228176913349,246.01540457105756,106.04534675780567,Commercial,South,1267.25
679.6873550581851,259.6214937455775,1124.0251441290945,571.172772498177,162.64020360435833,52.96614116565442,26.797133135812203,64.60879323173987,539.2878805661848,249.90807914489517,Transport,East,1706.39
373.99844523182395,83.22635591446017,1095.9495372216336,2022.226917029894,165.55664931932813,84.771747813081,30.80982067841851,50.50521747662603,138.10311863903684,89.99815320676075,Industrial,North,1210.51
700.0484119364797,146.78907261622163,1077.863182087771,4503.790259679703,130.5867401375633,1.0755385000829953,33.30358641489556,33.48267664170912,566.0994641290031,237.53357675353823,Industrial,West,2152.05
1562.4560492074147,127.11958731675702,1347.627133254644,1560.0789218954899,119.63008337549758,61.674762783462945,33.62147182423264,15.94064711052308,726.8180643139015,381.7457159041977,Commercial,East,1857.28
811.2936670134809,82.33192271341814,905.2171997516027,2420.6316342073246,166.3149372350102,40.96921831945674,34.092327291548756,95.06131385349427,441.5492524829759,173.30073657814626,Residential,East,1190.95
336.2984688477088,145.57140326465031,498.8699837022682,1609.0339900757149,69.23440521575664,19.35661486576693,23.21459486355496,66.14885856472625,514.3052460609736,337.7874626437804,Commercial,East,1192.04
411.9488021785138,92.93027593871975,991.4116463456738,2775.866334388956,152.73513199278548,97.95778500860996,19.840203610064183,88.61236637156294,681.7917583519622,326.5243875455375,Residential,South,861.11
641.5796651288692,74.58105489698161,1048.584626511624,1095.515487951864,267.25441500133405,40.381382914718934,31.653717890327165,36.172745474939184,269.3033214116246,200.71642172164445,Industrial,East,1650.11
416.6305491814945,237.35584044709364,1442.3228776687165,60.83771169766797,90.80723707301864,33.526281244222254,33.91066719100451,35.01990542789089,290.2771538444323,102.896829873831,Industrial,West,1743.76
1100.1291891719677,,474.459440645422,787.8817175116867,113.66279782820112,16.90084397406467,34.77996223605213,40.22060002365606,575.6497431436677,580.9079733437479,Industrial,South,1785.33
315.98288850925013,110.80618161774682,531.7226061350879,1422.253270838108,232.27192277806034,99.77659512454841,29.424981048461877,30.793440604546696,148.5970802949523,442.17380235304813,Commercial,North,871.58
813.8172742027552,291.0654394256327,840.2061851199636,1886.2933163293496,130.6980662257933,85.60513560296768,17.016480261981865,54.817364204616844,336.20787802070373,199.8551263444047,Transport,South,1632.46
282.143348166168,222.45202585000823,1091.7718790628485,1463.7455341672453,191.76808115016146,6.997241867495118,28.828047317167965,94.2617392445081,397.52012852739995,607.9531244550892,Transport,North,1868.0
636.9280812977175,46.536968638184526,431.8229998243579,1442.6290750716087,157.25216615553404,56.57538761271833,29.77720433954705,88.84564044669837,480.9323699724372,431.1068718167959,Industrial,South,1324.87
387.30510067864157,201.14152528647256,480.85182981685256,3804.0672423842143,163.86496084379928,14.740121087546587,33.26037510629295,54.55904085657907,229.62139013105477,394.64573910520903,Residential,West,1092.39
879.5307016185785,200.66005158851505,1209.1855857984665,894.5622539577306,88.06096707633564,71.5781415012947,34.14814346991617,41.38862192434224,224.02722303124511,133.4661170143188,Commercial,North,1324.15
1018.511191770881,142.3957996875288,440.69762018528587,2031.4376857471332,86.55990495249003,48.4083429260437,31.548167016926673,65.05190224872024,379.06080344394945,395.92881122057923,Residential,West,1082.33
758.9717262565597,139.5685996682871,535.3150085113259,603.9542332486741,179.17527517659317,11.03889641992759,24.063605508520723,65.1032320131138,568.2650726238902,498.7674983774224,Residential,South,1054.16
1039.307377220566,62.574833689942864,1243.8435303367917,3147.4140720290648,57.87144072304696,55.70388912642898,21.854413427236707,71.53876801036134,213.0944614333918,302.0669389530999,Industrial,Central,1701.31
165.84729197654056,411.3606010311176,1084.560476414901,2374.8730930520114,116.37449460906221,91.06756511028124,29.669805759081534,58.20400232483094,411.78127060568835,340.4919599093158,Industrial,West,2152.64
696.0290419332064,145.27570943787993,604.6532377426178,6513.184697633396,166.41157657367594,34.11946823331525,23.03792444787217,12.407973418603223,322.9320296230902,382.94836523334925,Transport,South,1297.75
808.6860610356058,195.66415336601304,1028.4035930902057,866.8529638675245,113.36326722205598,5.080561476197898,34.375685534211854,16.844186561256407,754.2034850096447,527.1122916373731,Residential,East,1370.55
855.1674795842491,149.51740089340282,940.1763966971421,5323.121402325304,120.24688438883659,94.52071112646443,18.477205313240393,97.63974868643542,353.23565734127425,356.392606813238,Commercial,North,1499.27
238.9144756528774,111.81573741093621,777.98578288047,963.6892044635974,268.0481380040097,14.179918800945057,29.834433061973336,77.16117656198686,329.12498082124796,376.7965602240287,Commercial,North,1057.72
787.5209584699209,246.47496191689237,684.9123526182221,1551.5091914875395,196.50233247905902,47.50520008812337,28.597674873712442,95.34222087420002,408.78887559116333,331.87364691439336,Residential,Central,1222.38
863.4534942388219,177.4088909545466,1010.083492062357,693.4637330839831,246.2340850476178,54.46771278482843,25.966166662344186,40.557304091647296,318.11317035689774,617.0403499386989,Residential,Central,1310.6
692.4583042054799,145.92154405025397,460.0021055057613,6461.486128933032,370.664454142304,23.708746318125673,22.374418628476292,58.14544764819647,648.4679555584876,306.30781076723633,Commercial,North,1832.49
338.0144737961267,194.60722510921627,1004.8452314463242,2616.062770503519,235.6952418672386,17.741803203813898,16.691118487784685,38.97567271779844,253.62013269548885,375.4726457086022,Residential,South,1142.19
501.58906109929694,156.77707784029923,900.6706602484976,2634.430274843968,101.24634684870087,11.313888061485965,24.34285656963658,91.80415421040588,370.5037371686175,543.089571900743,Industrial,North,1860.73
1102.6445274033258,360.4941321338999,930.2881016011332,1034.6565375270372,80.00625068030504,6.995528235397341,24.430584093830067,35.8960044849484,267.4065024172488,229.35777192107508,Commercial,South,1581.25
1047.7185649676517,242.32804851077884,523.9699021783802,223.49006950145377,101.99326412442092,50.812654768034484,32.55868329424228,72.44301734843376,196.3512812230554,673.6752525900017,Industrial,South,1796.45
802.0618136467716,210.63850449918675,1458.6961842721132,1506.2591696865866,167.81427406388437,84.20207768343164,23.08572180859937,25.75500174020194,287.94911628562517,217.12987766544484,Industrial,South,1838.45
887.7952359083745,67.15092114288284,605.6497403988752,1307.2640083694316,107.52354574255781,12.67587713666013,29.26385306781896,19.47263059690054,425.0197751337897,174.6997528333049,Residential,East,909.25
993.1965247698741,214.3140014278068,651.2791421164401,395.1996537023535,89.91329873842984,70.06190284454983,20.538800982791024,24.007110787570713,145.13003308264192,381.1260135860646,Industrial,North,1583.29
797.9434115441863,211.65156055867712,763.7886010848717,1578.816641986375,261.14482370399065,41.26207704235999,29.40124097041794,57.65097399545387,270.2535662410957,211.22026661150448,Industrial,Central,2146.8
1088.7502027195553,93.86620825863204,1083.4228672554564,2034.0206881298834,,3.522423897058613,15.811498239076661,86.0086936458277,371.1699940616196,602.8992063463476,Commercial,West,1616.78
1072.7786190391978,66.22554211038137,917.5966821648034,2733.0219160567854,161.26390814625,53.59723100047214,37.47648088965347,99.93517526556153,195.48925853497886,780.1677421119598,Residential,West,1280.55
1781.0478676617677,237.4019230482788,369.0316558698404,261.0496112960959,159.14736886208613,25.200826613317638,26.29466236601074,66.04147394450024,398.1732056308254,178.31411453736047,Industrial,North,2329.14
511.5788880087858,252.1787446166901,822.3310296438062,730.1679641418004,41.908958767105716,60.525409304050235,13.027496378004958,58.02431786624497,350.3245194396536,169.02362646683844,Residential,West,994.35
516.0052646824223,117.18094825871475,853.9307242326144,1063.2665691528468,253.24364067291114,34.93230108388712,23.411252622200617,80.81943314186553,327.602901922107,164.67619679154416,Residential,Central,908.99
123.3706583721037,114.33452845001693,1474.7090137941416,3909.496575432939,66.8492832547029,66.6452318262959,22.62168883457067,15.736978229910292,601.2591686065897,82.265692998799,Residential,North,905.19
771.5274447219051,175.8550890496732,713.8564463741009,3862.812118425793,54.52899350184272,91.8503362931029,23.720909340668495,82.84575118113459,218.07302485368248,207.953469333828,Industrial,West,1549.8
1430.8592977671826,129.90920352693803,1041.2260051413216,2523.2835314166973,99.42825565489372,24.454456208145913,25.176793021005786,78.25415868926444,299.7425363891783,488.0371373910529,Industrial,South,2027.04
1126.7320762984714,65.35077050851761,2430.0757794690903,1558.8759502786104,80.6317435836132,93.98404689876976,23.68691423337204,57.65873734944591,242.47488907575175,390.90242441215054,Industrial,West,2023.37
936.4931252897204,93.26673475340218,1360.964066608441,4061.766488072082,233.37403054784235,20.43088602503319,22.917939614658938,12.068827817176007,219.8644172267305,262.784564236296,Industrial,East,2041.34
1160.8899910615962,192.07440576019408,510.04312873217634,2322.3423000489256,147.44625998001217,7.0694882223363065,21.206585240005783,28.197728247219775,463.91929145175516,368.1918199276005,Commercial,Central,1549.0
815.1568244674451,96.23831099321838,1148.3687034600487,3920.8452925884717,94.55790553074183,19.270098738807974,31.108947119665437,43.274133946388034,250.22820059095153,103.60437021038271,Commercial,North,1307.46
569.9667347498274,258.49054377867384,1006.7611180588536,2600.1508760471697,53.29421745984575,81.49166995155484,33.00567807618123,94.71000033360511,217.11792322880115,139.43508719968895,Residential,South,1154.46
1588.8468354917445,209.94425246036693,702.8714453002736,451.209878891016,156.19240265672397,67.75562452645418,25.72713088381856,67.4639941771043,383.0397278856957,305.5848576054475,Residential,South,1311.0
788.5822059706571,195.9628837967847,1154.3736145997964,219.6199875026303,110.82912431557544,97.08341532614313,26.91181674983862,55.908335192394404,307.5657757006176,334.7239503113916,Industrial,South,1514.69
1062.4187743010416,173.9839054684697,506.33564788490787,1447.0276544496917,166.98592504292913,70.98273104249307,21.36834569903711,53.958377836523326,437.11687645050046,324.22193520336356,Commercial,South,1177.38
165.1089843375158,109.07511385032691,611.5266179605176,3395.7095492685357,147.92818815964733,41.26312650366339,27.355103491682126,80.19781584572345,184.61047899892958,204.31503705591584,Commercial,South,786.51
185.72781531485728,224.35188456017133,767.5444076373826,1294.6550847914007,82.09235925727374,89.24309741328761,28.149818810769098,39.12672150681475,423.3478131655383,200.09920802564633,Industrial,North,1258.21
705.9401050744601,107.37996111426727,687.6956774320269,4555.983049552809,177.70544839421265,95.81285182084599,25.90300695143088,18.507232340662895,250.38629664393653,409.2912761615055,Industrial,West,1911.66
416.7191439764757,265.64966983599544,1098.6365008493751,3201.9759804955374,62.42152511351797,79.1654920960106,28.98037488884724,70.93389770107935,429.2816275991928,396.33987033360376,Commercial,East,1399.09
735.4100274312268,332.6072075703585,811.9872344813587,4307.967396224541,108.33274994614354,55.663958583510095,28.543543910255124,39.61144071135199,454.22254219851965,85.24868430312347,Commercial,Central,1743.22
515.664579293937,176.8739060926114,655.6281187458048,1476.5922042668567,116.1246760210089,82.57657813055627,21.729303054547103,39.303355328358094,281.6067479773604,84.20236291943412,Residential,West,1038.7
1898.5814030913575,310.93662974382545,1350.838907000715,919.5688259577772,124.44573878405946,17.904470733428155,32.96523756864478,50.92437124847167,348.04679863403584,749.8869894421159,Residential,North,1956.61
1024.9135026969677,93.99626318581062,1080.0544113054184,812.683146729795,60.22070184470037,90.03500229293864,25.961768700852122,31.846061956181376,94.88716613353921,340.2468394018944,Commercial,North,1067.76
1210.690918695041,211.12240294195658,405.4717662387525,2762.5757530538394,227.601401494352,99.9558982486536,35.377858009584926,92.95322768264144,206.7298069735109,324.749508115525,Residential,East,1519.34
208.1081282030462,162.73303410682004,401.5286664568555,490.01061104625023,81.983284569017,66.51401664553454,29.102102947096128,86.22733799552479,344.2654201142888,182.20083397073424,Commercial,East,796.55
930.8634527690407,239.42773648634966,657.8133060018778,520.5936560634581,46.171766796469015,19.58890395800085,36.854665651859165,99.19794978757552,371.8097421240088,245.96982111827077,Transport,South,1524.08
601.4325703618965,48.25279992234154,430.54508615097296,1237.7651521068726,150.3089098310443,14.443666219532181,32.87634584653223,96.80939163375963,442.762223179853,213.53981806830467,Residential,West,971.34
1221.017033555784,232.39090693352784,1254.4517028928312,2264.3566229089,307.1674498822297,95.9414405600347,28.135948140704308,38.30098106921958,276.0977986600847,489.88854276123004,Residential,East,1731.61
870.8558534307866,114.75751682078827,625.3348009704182,1077.1561743175128,41.778091011528595,87.13528213683254,23.38446566690188,44.253816281270666,233.60553563990706,478.5624707540228,Residential,West,961.76
642.132498069941,166.87676859559625,1040.6394243872887,3868.2210761783113,73.03598730000736,74.8678851564767,23.492162626152524,72.84321912700656,253.43773554051188,343.12966370439597,Residential,North,1244.13
356.4475262927584,407.84811141239487,1892.6548145155691,4346.434819232633,197.78185872195613,94.91192536154112,29.665171424912607,11.426131229790863,152.18676301647338,316.4684449730883,Industrial,Central,2471.62
699.782305052468,214.65862674593666,1141.1792895568537,126.38061601672334,129.01877540433233,50.34037528683912,27.71563041895459,99.44999968499073,561.3601189496655,373.74408000644837,Commercial,South,1379.21
1091.5428589979429,200.70560734622003,305.3863563109971,2632.95142778215,61.56765740543059,88.77464030023644,24.05486882004457,10.975877385950486,362.09670478621706,314.1536069558156,Industrial,East,1799.75
1252.4723662647855,192.58130113034755,638.8388615320841,1299.4052126541403,115.63000857390139,16.282031398837916,31.16529973805021,57.83373325920802,264.80688890504,409.492476391342,Industrial,East,2172.64
552.482184914613,279.3956028550009,751.4270859330378,3493.9787700462884,270.18707591139275,18.280971810736247,27.193856651780163,70.18302809173333,145.6363717049203,568.3470571827747,Commercial,Central,1584.61
1757.1859828345134,243.50215083390736,936.0016790477024,2692.1689196702887,239.79939866214173,51.23430456603899,31.19504907650363,92.27316771596227,415.1415850387993,283.2929763165689,Industrial,South,2580.27
1053.7201653668315,193.65550184193006,1222.9360484161684,2192.9869766880124,405.942605094929,33.25096608445243,22.12264966649221,67.9722688700299,314.2618992871261,183.9975474711811,Residential,South,1541.64
420.97155019411406,181.74241399880714,2050.6770937004644,1783.0155842804759,181.80276495959944,43.25192680146577,31.99735834004084,63.7271919733061,308.57486269391893,318.17430972414843,Residential,South,1058.91
373.78936832705966,175.6691487683322,1648.2401254411473,522.9917229257455,97.8031601487881,79.81969863005332,29.504977846736402,37.03233692352765,257.8722179194389,218.75939572327587,Residential,South,759.8
619.2316703574415,158.16870203928852,807.5508811409122,7092.243095624099,196.00608296232943,5.340747094225906,32.98784832230952,63.18292554658327,175.2829997011267,120.62776540320453,Industrial,North,2233.25
551.8246389434364,82.42686340858327,803.1545528909905,722.9452065476464,86.83669098075634,72.08438342802297,31.887152503581692,77.4731361693047,435.4320741946429,157.33707652371402,Commercial,North,1025.8
818.0779437436219,212.37172182627202,1570.570691435569,5358.777234336761,120.747517823484,8.822926845336553,26.575232996460436,56.40325110596582,375.8845166549969,528.7281890963225,Residential,South,1420.31
666.3114268701994,120.95999766026057,827.872795566825,3035.912233138592,87.19904083825026,84.75010502804203,26.173127296783424,80.16717684584121,264.0346274444518,309.1546986135886,Commercial,East,854.68
574.0025493368248,148.39615267450947,632.0553514145015,1348.7522064406621,181.42127878618567,20.189980653567506,35.91515496295471,16.26517421867663,575.8125886621248,244.90676116689792,Residential,South,1051.81
290.74834749372457,251.672367882705,1263.6851328588048,1201.4652936527339,173.38885258849996,73.49389203479956,25.547157653090206,40.18397058996351,269.41843587962995,333.4473459803917,Industrial,South,1665.21
882.8139910383957,160.08885149091577,956.5417319312844,502.2502186960868,91.35463595100639,59.1879398987689,30.74216849418922,96.38325406576357,295.77155848022136,227.7997720953005,Commercial,West,1345.56
277.5652331558283,153.73466015709104,398.4012265721441,2002.5454983350085,218.53815167451518,38.56221070728476,25.09306503905129,39.109997175906514,288.1641398187172,536.8523777257604,Commercial,South,1069.91
1055.2588188321747,177.14527430068784,716.7745072174555,482.8179174372158,252.97227737758888,26.753625041891528,17.690584599311755,65.96697716340273,519.9623241835682,745.6704813984401,Residential,Central,1395.54
221.63888048190063,138.63240977959808,437.2223686504232,4007.959799950183,98.30881148657377,5.74593162664091,20.863304510970234,56.78962819001351,328.4022643302945,234.46454903291203,Industrial,West,1378.93
268.92581807210786,403.4777639527899,211.62254615119596,2342.5526466267584,157.69793002675598,35.338020691300706,29.02960442430992,94.29616119904432,381.1254469903951,276.24874323357056,Commercial,North,1441.87
420.0101975193074,375.96471815152347,1751.1706563618623,1911.7621562560576,260.74757719726483,20.052875660117596,30.50565849802552,24.649468876544695,217.22169565018172,355.99532319943995,Residential,South,1402.27
528.5906048292061,371.0950085264152,876.5744189085237,2085.3359327579183,150.70590994693237,13.591250395198228,29.046067046100802,36.944928955878325,194.5302462769231,147.76399747474085,Residential,North,1392.22
477.2276453273752,192.90299249495706,729.2120617331772,2406.323364870914,108.45153889438971,73.84981225891342,32.72974750696751,87.6139574887775,361.1110243591754,92.33659115420681,Transport,South,1270.24
527.4991259570958,116.85721767975286,655.4384223831297,1531.056523326937,,21.25149910132005,28.956300776170643,69.95822902958787,647.3616600209776,506.96884691964146,Transport,South,1377.66
742.112563163553,255.03204936272428,835.0496372736313,1683.0927581150397,97.66392139548505,,23.123826468329575,58.874442460214475,270.4365966748578,241.976859995476,Industrial,North,1794.11
424.8777061983992,139.19322955102487,651.5559896085933,5714.780043330264,221.92142552364058,34.048145175404365,29.97151090736882,45.541035279206966,397.7359415671831,230.9517207944226,Residential,North,1064.89
745.2646176337252,266.14619955940606,514.5241036980738,3760.05088385545,208.4236141444974,46.26531596217692,27.848039804649815,47.01838897184591,246.96382946090293,368.29732004370095,Transport,East,1812.51
166.46582185575951,113.93057356073936,669.6487007495502,2952.40925255595,336.880811809276,51.37127442897002,24.122209975252304,94.14304144880512,284.436768079997,183.51056095060713,Industrial,West,1522.1
416.96056809704623,199.89498267472854,1501.2477670716762,1349.017916210282,85.6653294570694,66.45462688404132,29.362596507334306,70.39680440804307,473.3414267610935,228.24758391557867,Industrial,South,1602.54
261.811656704798,284.7575570450618,1250.8247572250777,331.17502745898116,94.47912828885848,58.85220478379273,27.39685083008723,93.6188547773623,554.2630909257633,149.287786890927,Commercial,Central,1130.97
1049.8037958683615,143.27499872183898,670.0552906243719,2733.48716168853,55.036730913512095,48.16838797266417,23.974997245563262,97.49674979091938,389.77796506195097,103.06670071141129,Residential,South,1132.2
452.9322920420798,143.00564492735964,1831.785206727449,2081.274345783259,168.43681066591927,39.39402146374703,26.110671132185097,59.23072054928754,312.7904551354026,226.37378997856644,Residential,Central,1023.02
857.9873962996104,70.26772064675366,803.1419618982092,1656.2746791846125,67.85474182633399,26.578621192923446,34.067835677710704,64.89000507081812,682.7347690229924,182.49680725316455,Transport,South,1428.77
236.62414357163422,115.82663358153152,570.2316407789393,1848.5077774279864,328.27722161264785,70.99426136830395,33.90443908034823,69.07284361639599,636.283847850455,169.72819386470007,Commercial,East,1252.07
1243.1110782361804,191.01595983890752,975.7105722755422,759.9405310109469,80.64817538247831,31.75013203937477,27.940720696352706,85.5252102591867,261.8787634425758,299.9859202436171,Residential,West,1240.16
684.3380275025073,205.63752682749757,1607.785866420267,955.796767097522,338.06786385656136,84.95813935258954,27.28633578943643,69.3164541345671,173.8268211382746,431.91401061732756,Residential,North,1606.85
1520.12800998005,220.7075872682594,1469.2999457876388,3764.8293835521317,17.51219256768569,58.61624558879866,19.834770063680796,20.31826799641872,311.52092016035846,435.83796879721353,Commercial,Central,1845.72
648.2545434891371,54.93456441676503,583.7002687981527,245.64758276312452,40.012593758055935,63.394427852818055,35.59682556683142,94.81870985987497,75.95861974976238,427.0999295844506,Residential,South,607.59
292.63260808312907,139.54182648256108,465.0945386561291,3430.117994195566,66.37410426632223,50.879023087773334,32.18170943683984,69.48409226082703,188.86945771742523,197.4900795072283,Transport,East,1026.93
391.2166968566667,75.21682851132417,698.7102364666764,4683.212736276298,148.35371880690244,92.85560646520479,30.759757853521634,88.29255446105877,472.8168662555762,284.78920326169884,Industrial,West,1649.97
582.6696542296534,186.20792183355917,1049.2028250800563,2695.811807239756,122.37960231213589,42.15955686177445,15.626346414546804,48.22639712037713,204.8412673716818,221.31821718838538,Industrial,West,1831.33
398.83152837465735,62.629116627028836,1176.6375729960484,2609.2694544036185,79.70918265619336,42.696845341881264,27.204613253278982,52.72447221015557,477.13667150213286,198.79828079587296,Commercial,North,940.81
1003.0384006481089,88.04054190480522,1376.124265969796,948.9679422665181,119.22169188218028,89.301449577183,26.36435645840456,71.99707174502802,602.5557912621899,205.48506460111787,Industrial,Central,1753.76
674.7682099216963,241.4411577808231,898.4120102008014,1066.5033044562697,92.43192521245662,60.49069209601715,30.414077191502994,79.87635876988436,152.4319210912941,162.00605410430762,Commercial,West,1311.79
401.3359218535575,123.05788958592967,911.7742567700413,1433.7136595230513,166.3685515644774,44.914871572414036,24.74484593227102,17.061283898384474,135.1085879568926,335.41233463240303,Industrial,Central,1357.1
933.7796754604819,312.2413439617741,883.4816386705321,629.8150503933583,69.34326490215003,26.21511145167309,25.841448917732404,46.660855017343984,199.99443548976822,493.6437124087385,Residential,East,1363.56
546.0599309028648,223.58914956936263,1296.491822406638,1005.0871976491163,137.70008497159006,24.50444450519177,30.097064694773515,79.28707422644551,387.52996829323297,218.5118631996821,Commercial,West,1474.82
914.5809854186065,143.69496688920074,1185.9178336314594,2076.0888787057847,140.6835030132673,80.1434313755236,23.132108164556605,99.30123371316797,512.7344158091869,206.1792799146914,Residential,East,1170.43
504.4982666832812,260.3202812182526,573.7601442619599,1369.6843236222637,124.36563055457523,27.94660776237201,24.1297865829534,11.047820607662796,206.57278294764265,90.80253104527608,Commercial,Central,1082.55
831.0353936844764,150.10393577674932,1121.4692383703486,2202.2280810868965,156.44657338417673,0.5737690303365683,27.966633198804807,33.832740469756146,407.71002057675685,394.3767821512853,Residential,Central,1126.62
536.8727022652488,234.6555862309745,1259.273446530605,3755.9560643987343,118.53058203160397,1.9460639298323645,33.69242851674787,51.83637237134263,352.2187417190917,78.67109034008386,Residential,Central,1295.87
1003.1991456153041,112.7610644212237,1304.0971707791352,2190.653202645426,180.4411988930215,97.84026115965646,31.042348686116735,30.06475315914513,240.65657841977253,307.1834877195911,Residential,East,1139.12
239.526286925891,267.7986058178241,957.0269519059975,2628.5912285614236,124.3093513118742,55.98379366229443,32.37702034466249,12.422997870188778,611.7743572686263,188.4294281752347,Commercial,West,1421.63
341.66753744707796,66.20845768051824,933.6582913355319,474.99010518015723,226.78127765342808,48.90246318593954,27.316584031076452,58.558872169480736,437.13673117426833,256.66623070990124,Residential,South,793.13
607.6803672225868,87.96688483654697,819.0944874065386,3713.635537707359,137.3291131287995,,34.47539011891487,68.44587481356982,315.4220599432451,316.0370094389641,Transport,East,1342.72
463.00990066095346,96.62049106194218,858.1561208709579,462.9426573464919,219.68902140565055,35.168739899029276,18.294087877493453,47.44558548983019,215.9119943436528,306.4307553293068,Commercial,West,1058.76
528.9588907215467,119.25395415190874,1704.1442678005685,1298.9839549833048,93.40781263724566,79.4997559655233,37.111196092006736,43.289027171950536,421.5162059780954,464.22862534720224,Residential,North,1011.46
874.6735100048638,194.44566737367114,871.255575160397,792.5513256095387,73.86022713368821,72.18098127801387,37.75879487590018,98.70495041615365,451.1881737468264,81.11680435978724,Commercial,West,1400.69
523.586627418688,164.5035183463892,595.5718587332185,333.1839768295527,179.76909679108294,47.709648232183795,29.283081747684452,52.977567089815246,337.71553697603514,436.8447526111533,Residential,North,973.37
757.5525265224102,235.99281183599058,966.1426317480514,2113.5080181313438,125.487152612053,77.4631897458691,31.161313187177562,81.82625079175197,319.1739771995282,322.83897835299615,Transport,East,1670.69
415.48639778310775,286.7139800674162,1166.3081800284167,2779.606640570026,31.967571750614297,96.57783875926373,26.81000067997361,35.84567549762219,436.5863510407874,488.0912336955424,Commercial,East,1498.7
211.3895773727435,61.86341368155856,1280.0418558300225,4758.713163369189,84.71846684727875,20.060737578707066,25.95215818463332,84.71694277646489,311.99236637123664,296.36587245883067,Industrial,East,1439.44
912.003570869112,303.75705996894317,511.69582302872465,2323.0518492840115,148.71949936846698,1.7509414501021503,23.945648123178312,84.13297202799072,226.92706745645296,127.45414955576868,Residential,East,1288.33
1371.090705762003,148.3858567061781,1547.1281461057151,1000.1480150235191,119.91637638874316,82.14544062642995,26.754939918677884,34.093190929872094,162.32346936643665,275.03971166131583,Commercial,East,1512.12
721.3259229401517,367.53725732287506,1146.8526713203125,1345.368490748495,82.68959425695138,40.35870728448137,29.779667378028517,69.02694569275349,313.11306053365035,388.5616826272996,Commercial,East,1814.75
623.4668790751015,110.05463374520119,1508.0207184074968,387.22588321436405,124.94641781454017,54.44024935150081,29.09941923581711,71.38134790186157,159.79636376671266,422.97310573787775,Transport,East,1269.58
686.2638817805415,51.17683246800572,422.27855997821507,1453.4204995571029,135.56148596392268,22.246232073253204,36.93301535845619,49.83539760493459,453.71929211326193,279.95909150588056,Commercial,East,1030.56
1164.866161403233,224.84167756820221,1326.2469504668452,1892.3142716634882,46.30726609776556,84.1788761852877,27.50137272901276,79.64020565896948,313.1273045942228,262.63069851820046,Commercial,West,1715.29
725.3263405963539,217.91580845499098,499.8751332206021,2702.7303663550415,216.688043579983,72.12062490727114,19.555857193274846,37.61967350772903,485.05403087164837,320.0828754782902,Residential,East,1284.22
932.2351945553091,89.29850032563371,736.3793593780788,3190.669536504163,241.02269940582335,95.33666281947981,35.221553106117085,53.58446552058542,364.4274130445839,457.0689329918142,Residential,West,1274.67
913.4421274469436,94.42438237445467,1163.4967422302884,2644.35907064809,84.47095151363945,47.52518715996842,20.895228608701153,99.11365352468114,408.52286599373264,229.17086986891732,Commercial,Central,1202.28
1041.812496403094,244.73942977673653,476.45877451253097,916.4853405046691,301.9513428943511,97.65650127608276,24.20304537247288,26.08081044876994,236.85877897706698,357.143422807699,Commercial,Central,1556.26
617.1021203372247,199.1525278719352,649.1969419568024,714.5242421355525,120.4937093476677,51.08553929738986,28.358715706754516,23.300444981552424,303.5620751565964,644.4625509838851,Residential,North,1147.72
501.1998881778044,140.69709070232688,418.4457019855263,3043.589954827562,89.71509037714027,62.14220908627725,29.085875411316124,22.79788186572072,362.15996300454856,850.3417090364674,Industrial,West,1824.39
835.2840067292939,209.2735445447442,1149.8022511047684,321.20185938564475,88.25956249703913,67.41274398216905,19.772808405347238,99.82983446511146,343.45100491942634,455.7635850347458,Transport,South,1335.58
1008.3319657694889,189.2992115769126,569.2297988305453,6201.526111787916,291.91294236400176,48.97714557201748,23.2676388181319,24.39219489342357,336.75959130848355,258.51819817460944,Residential,North,1744.81
1095.1496026596985,100.09408611669356,846.1445448674496,1075.7031613141855,70.12984093750521,56.27801909689245,19.596087693637326,27.12153131487466,193.28863637186714,147.6679793762791,Commercial,West,1140.25
1230.0658127174818,253.80476589544804,1007.6053888108579,4042.6090311876765,137.04266374255252,22.330706470148996,30.1085653166128,72.53079268666802,126.64034148028709,347.78897995444885,Residential,North,1682.78
967.1388039997513,229.79414339320795,961.2108672024362,1232.7966807934117,145.5802892204346,36.23630581329083,32.91689942351443,78.35469623244022,186.67717557368624,574.1613668156118,Industrial,Central,2019.3
487.79044356122597,166.4263155063173,922.3210751972563,2822.8438653627763,180.37498677283313,70.19932450922481,20.89080977876743,57.43551749195467,78.87227577203001,280.24855383145945,Residential,West,905.38
720.9267670613416,244.8187180532616,921.5166374846858,736.7028816223128,131.4612448416156,3.898896001793428,31.978299765239328,98.44022072508565,136.1996783361628,481.8492321679157,Industrial,Central,1761.53
691.4756794959812,390.18293414465677,432.26303539663166,1972.3250170153115,281.3846755662517,70.0413119967275,31.653893721623312,13.501799228911935,374.0081777819482,463.1120231079055,Industrial,West,2601.86
656.6605719806919,93.79390963401744,755.0286066872586,413.25570353466077,307.8601279847061,30.37756445424884,23.704646050442484,65.87387821439044,285.66041681298356,295.87153633874766,Industrial,Central,1640.57
836.0549316413354,144.0272554357351,917.8205245572328,2407.1508405515165,249.5285945693801,27.183583637422217,17.087104820660866,64.58223874614553,220.4123015064009,442.77922786422903,Residential,North,1296.55
590.374108136548,147.76386146205192,873.400682794267,725.7491771569689,152.90951037781062,69.3488464352611,21.643719904026355,38.91203085577676,283.08337119755714,156.9886220701808,Transport,Central,1170.07
590.7834068807718,242.16859307486425,795.0757960181293,825.9865620865888,199.03981678768295,21.494516272075625,24.02371206545604,90.94964230700629,112.79251339680238,265.47245898960375,Residential,North,1245.49
1409.3764563460204,118.46279595981787,605.7354849356216,1399.0356219152798,107.58594807783759,96.16834358893142,34.70835423404597,59.75935354945782,309.5823934892533,367.75519635881744,Residential,South,1124.61
632.3869517064699,235.4983988632283,951.8641216501524,1617.4269240613232,220.6759929992917,99.06790337130717,26.408487124918896,32.170624134239326,168.24278493291825,292.25826289478306,Commercial,North,1433.44
1038.3867534440358,126.05865486060837,1031.078045482658,2705.4363614752556,92.55933766432827,45.810040785145866,21.965860120048482,17.95226645806681,544.5431232086936,165.8825298307306,Commercial,East,1690.41
1065.7693695846597,87.73339270436139,689.4133100107512,2529.595989337733,76.77504673625359,40.1418335842293,27.739242774759703,19.640700418435845,416.98378902906006,443.01513898182776,Industrial,West,1857.44
730.1626647737322,171.47364812647382,1283.989549131067,2116.9510402471137,75.57552091735084,7.903745639873283,20.523261645672086,90.75963216430176,400.9117260958429,365.4996291922126,Industrial,South,1692.18
601.8327388233217,124.59331931567338,1561.5860601642926,3423.2003663877026,168.48952402899897,,29.571700251031746,32.52778861045745,340.7056429994776,321.7880656535553,Residential,Central,1197.72
423.9663134248862,180.18817796849942,853.7423752498565,2482.725544780029,264.2648533198398,16.272399654623804,22.11167970364118,91.63047714505686,433.09817759972395,531.6072414142648,Transport,West,1859.94
275.32910624304253,202.1563612814607,579.7489784667131,2602.9313530925638,274.779643421618,93.30478604760809,22.83738129904712,20.81061179190926,310.3227110619815,447.53894078386287,Residential,West,1163.18
863.4402358366723,64.64619704833235,473.6160589929464,819.8208705858219,33.49314213758718,99.05927389552103,28.87746024215946,98.55417313089589,217.53989869759044,64.00877365440799,Commercial,Central,787.23
784.5651603727787,132.3326868684795,731.4991729360493,3592.766910270482,205.14030437793096,12.240978008171155,35.7511684140111,85.00141637760784,404.03591632599625,324.5183943260163,Residential,East,1409.25
921.6068290494683,171.54571422587185,825.5704331276992,3314.4692032072508,73.92804306677957,68.30058820927074,37.98893780117948,20.4605867437313,497.0740331862283,319.4964755785091,Transport,South,1690.96
516.8089751990029,245.33572793178854,461.4998295462751,2187.5593464216404,367.8243258236036,46.59919915677272,21.80067247110229,17.745085253470663,198.7176961733022,246.4842023653062,Residential,Central,1216.03
1474.78675592783,230.6321282498373,721.2778288596373,3237.4962815922895,60.90961600639535,54.114585421051984,24.016968366423406,82.3093464179365,145.60685852707016,81.46560739218542,Residential,East,1315.1
816.442965004019,104.83273960247377,1254.3093302730815,1867.5759795350853,46.88541037380399,17.95746796547819,29.577661425186793,17.025962976071064,694.2466314909922,193.34530352091645,Commercial,West,1414.58
621.1434619351483,,280.2705994727061,4909.278539676476,207.23244613555872,72.35208994449138,32.843946741543526,33.59628871072838,575.5751115679574,69.96550993733509,Transport,South,1414.11
203.86782581336968,207.41434839383555,877.935690724736,2051.994249589315,104.14143239908817,16.661272096512004,16.179581552061386,82.11248283400936,325.57882708535215,753.1137917157243,Transport,South,1391.83
545.0049561981757,146.14865802949222,647.3695150219486,1823.2784118978493,100.90446198373046,88.52999777437375,27.436684094531497,91.68220111134919,99.56704057254242,292.91255924578104,Industrial,North,1393.59
941.5623502922617,110.47015082876041,837.1583728046813,2494.7953846579103,83.74833641567915,45.39746143431608,24.564285117180525,79.08868524328184,363.0554070075712,377.60627237270086,Transport,South,1619.97
1215.5623742766063,161.2841745845385,1598.9908201304477,5550.300222570615,91.60239925044921,63.486809936754476,17.379894004848445,90.09035386775831,859.4188358448921,164.39889114129187,Transport,North,2443.93
667.3621374340212,197.727266992798,819.4885047084123,1262.724396851278,211.78001435081245,92.1791107048329,20.31416110003815,60.38994817336843,431.52110128280344,87.37688195044122,Commercial,West,1286.82
1305.6600233934184,99.31466115994151,766.521662592422,2386.9448220071718,75.43960450287331,73.79395048025368,24.161127701795266,80.16500458445574,415.4059505527014,237.31480106123593,Residential,North,1157.6
407.94606457765104,218.60373686105987,1117.2099409196835,1334.4708662065564,118.07862115095314,54.08478834499694,27.294075099912277,40.976769564048155,314.5428928731991,219.95868170515539,Industrial,West,1533.87
795.4768060774571,176.68897386993882,957.6685543381917,1821.6481182032003,71.0439037753017,40.26776478433599,32.04051430132072,80.66926620964138,398.5484610379067,333.15626332020025,Industrial,Central,1585.21
805.813048789484,222.5364626797482,879.6215662384218,996.6858999600216,134.37167110016256,46.21351219937042,28.771740575410323,71.17668166820384,430.5734906049976,242.9308571321352,Commercial,West,1514.99
866.6120329420063,159.4485747659785,973.0403737195592,2557.7658057266467,100.00851742293163,34.16730596105393,31.737697185838265,61.73470572931541,349.37966300036544,835.0341577699749,Residential,East,1193.18
710.2291237680689,361.18809560759075,1404.188376675307,1936.7482434065264,161.2641917904097,94.61838252524052,27.133621679236313,99.3071188614025,293.8634099365622,492.45336059927916,Industrial,North,2658.18
775.5598490318783,195.82324007084006,1218.6658335851162,3193.6598079912083,172.02474955721988,25.28578441476489,23.475270265315007,52.28015723873571,352.0469415449125,598.0910254232523,Residential,Central,1472.07
403.0525638471455,234.99176824845944,742.7187298606838,3769.4296920690567,,40.934628259697234,26.08125023064713,65.73225138134964,344.6206335607996,293.84880742042617,Transport,North,1762.74
1162.4691884337794,218.16601319813765,1561.1271100307863,4134.82980225262,355.7024897900776,77.82239246510758,30.477586737346055,55.89151181774625,109.37596070666494,329.9578398025431,Residential,West,1798.54
991.9944451886224,150.54271001818864,665.6418270221478,1373.903178739751,88.49249728762128,36.43416726260641,32.16281084663392,33.44602056183622,783.0817510767081,571.0227650315337,Residential,West,1496.95
761.5859669909605,187.14419375865648,877.9893783419225,2498.080630707312,182.07774491241926,88.66108964381193,26.260626577780766,39.7328932870053,415.551449240233,233.0069710897423,Industrial,North,2115.91
1002.5599744843397,119.95455729723157,923.030031129864,4302.876461678564,99.06596916910928,24.307264014704888,22.354423688084808,98.09071911603469,534.8847508957309,367.90535830825047,Residential,West,1312.49
1179.3452028731872,348.3374558526445,726.7230639509546,990.7492472702654,169.4766871070321,3.134484170940388,28.67829079743618,45.28994122132362,368.76401756851726,242.9440874279105,Residential,North,1533.72
860.8735594217959,206.6342820722672,1486.3027170932523,2081.8841374669246,165.84006771922898,62.87511122518688,29.389904819211104,71.14656406930706,252.98108494313422,378.29911483673067,Commercial,South,1450.73
1547.788385609183,106.94011545255998,710.2697313575876,1043.945369195768,163.22395639985837,50.82534577351304,33.16359543026559,61.03875373018428,483.95296743607815,137.0758468577514,Transport,Central,1802.32
893.5621265504467,309.64018571462657,790.6259935020174,5504.490567212264,189.1739319895743,93.30580798908225,23.606185635201975,90.08247446285623,141.32981723468566,214.25817037929556,Residential,Central,1436.52
434.7690459460648,154.51664167769866,1296.8806328699552,4271.94759163722,138.8059023103699,42.313232589596176,23.661013728671566,78.19210702567044,423.1992099555208,333.56363890709844,Residential,South,1136.83
743.9967725004834,251.27431944961938,677.0093053925141,2784.7408022169475,104.36821356956735,13.559025795819391,30.780800987697877,17.258626539987148,481.47732641878804,353.79600627717036,Industrial,Central,2204.26
1020.343594893816,63.60261801475011,452.26946442116855,2756.1902236911096,135.17144694337196,32.974553724634994,24.962832144954454,41.98976842948696,312.01021062864146,422.01990637194945,Transport,Central,1261.07
1179.8631405660724,282.13801189595364,889.2118882073222,1123.311748859076,342.2547004017155,39.321180996042315,24.75157908660448,74.0722188482028,404.84117711218244,152.32313473986972,Commercial,West,2007.89
717.2198596987059,202.4401222384266,517.3371232490454,4590.868103434191,93.94512344524948,58.31318138258048,33.27069935070122,24.522112721053055,110.38468084413407,326.92573104271105,Residential,North,1031.48
417.7549211141988,102.3244603509082,490.1943075419892,1563.7617626506926,108.79685501188372,27.450049108917597,20.144971968594135,55.30952634037928,412.9134483791181,114.68521631388518,Residential,South,624.21
595.6890837060058,200.69285046682452,283.6812642940003,1209.7642529285715,84.81004367669229,55.03133201738051,37.28101569887755,38.599214349598086,275.3918560663593,250.23352772434637,Residential,West,940.5
327.8294923960854,331.23017204265307,303.88584353136054,3899.8712214530688,41.550527794114096,90.80458655659636,23.936822934460864,15.82788068141527,405.7677404082904,298.8637251013494,Residential,Central,1003.72
935.4606345207815,121.85733555433004,315.9279095205033,1458.1124733110007,123.68475213286672,42.37303497985735,31.33364201400356,99.74314790547616,318.3624350615945,276.1178989949118,Industrial,Central,1620.14
541.7450536357401,120.99433693062751,1652.4027605225872,1248.260731531754,175.3062648623804,65.15694939376311,26.456001690373128,93.64281395582317,316.5417989986284,636.1634132807446,Residential,East,1156.92
468.7491252719981,149.3731503776831,315.28527625137554,3312.6937132995226,77.29601384906168,22.889858712579603,28.35681142436068,77.27735388774933,411.45917873596716,300.2982539098575,Commercial,South,1051.66
977.0395932668737,170.73257897120692,511.1427787023593,767.3639914846401,245.97770661606967,80.13270450460223,25.68606750119119,28.092325172801136,281.71564469083296,392.44529419878836,Industrial,Central,1811.04
1293.6972053144777,259.355283537583,796.6458560799787,2807.0372428699525,158.78422370820942,26.9670630360059,31.28288326016487,98.9673574230523,311.17858222294313,334.1334407944342,Commercial,South,1712.39
467.75303535142916,208.01146003029328,1095.414920367303,2098.1292967687473,212.7665699351016,57.980279350555676,25.263380629902166,66.77130546694193,708.0456149761378,290.4107809229562,Residential,South,1164.42
719.3956070585214,149.30677078184152,1145.054449922843,3137.8512332467667,151.21718555569169,30.024746973268503,24.135267640774494,96.94678940805647,550.8738076163667,378.2337508297097,Industrial,Central,1976.66
607.5298442291983,191.16113781174775,579.9195179506753,2608.9790687822133,117.7797373614276,6.740235006184703,36.06670912934996,13.832101656268247,293.78690394416225,319.0236146903814,Industrial,East,1768.21
1204.6510403741752,357.6417611673548,870.8240961512705,7667.093923285113,105.66011080561681,31.96627405610307,27.14691348506846,25.612364560165386,321.18443354940325,305.10894742761946,Industrial,South,2572.49
640.583728320249,225.75863477970017,786.1818578471386,2232.3388524678994,147.98893399788494,21.203066071134923,23.621522194902298,70.95221966904217,244.75737266057513,262.27309330062434,Residential,North,1213.89
398.1489306228551,157.5361654217689,848.743090903209,1454.8543192778095,154.83069406458782,89.2673768402629,19.548567050440507,91.64617400311062,275.8410877705635,232.97761728754796,Residential,East,807.19
654.9444728848741,147.06494075573804,899.414801568269,1944.2763681364845,97.61677813163016,26.61621146381432,36.3278901551799,25.820399151352923,281.8922250508685,216.03972344174875,Transport,Central,1296.16
1090.7597165207048,185.57217560044347,1006.1017958379244,2590.6462885164565,116.23740130651356,97.4423181768922,24.240373117723742,38.538841566261226,341.6565052648081,305.4183666870171,Commercial,East,1359.34
590.7392099713452,257.80303061907136,641.8118041921582,5315.451664623629,308.99378551459563,49.23458117248652,37.309191192505736,62.9359598357731,117.88099143901223,294.42619424821675,Residential,West,1506.74
491.85190639957017,112.86191676336534,1377.6433410705686,2925.1415945617346,136.458561309233,22.106496656764918,28.99427175706441,99.96949181406082,272.37929294498576,562.5537493829053,Commercial,South,1246.4
627.1063614973846,240.74935230719979,1755.3047806312616,1077.2442589475554,143.6501859242758,39.134413316569564,27.714426001512255,81.96985781047721,251.72221514921563,128.40793493527863,Industrial,West,2125.38
404.5751880965799,155.933121785921,712.7363660741333,14239.263376636733,271.56236010622825,18.343111749758734,27.84921906163999,93.12065010846021,583.5623852372485,660.8272021482436,Transport,West,2518.89
607.1587097142908,167.73567412703545,2010.307141851635,3671.530139457201,155.86457361629866,83.36832538454539,38.079754696383475,70.75112811379682,319.53677869347797,154.73971004855161,Residential,West,1421.29
509.9784188946669,494.0081143897835,659.9135033001543,1028.956858041259,127.69668227939762,11.996926930647533,16.038907152895693,88.9634143599987,362.52959516861574,288.6580892431521,Transport,West,2247.29
1677.0021407806785,228.933793397829,877.7257108973992,824.7167292307388,209.73304250129033,87.35277514954133,28.071707597537525,55.6340529085351,268.87173875343865,355.6479847142755,Residential,East,1545.36
231.04122143648158,126.64460818518225,789.3799969173363,702.662572024365,186.40884831437978,4.591704845208822,25.673981962349714,21.174277144797294,320.70861275971146,174.23909874113775,Commercial,South,865.94
433.82295675549113,202.15143245064507,862.4228956799376,1874.924545734245,145.5026849002895,29.960793152933295,25.934533074584685,73.86016773083465,275.84000659957536,152.6853765496943,Industrial,West,1507.89
491.6692822004177,264.09654840973803,1312.0163070185354,1929.664518347314,151.90211925410432,13.988672024277681,27.746559260709518,64.13274301599063,343.93509146172175,272.11512922052503,Residential,Central,1165.68
405.9611300586155,230.16066159125242,769.1044120832712,1189.5704840102937,110.52565442304464,68.52655459207372,25.668729252519366,53.68150577033728,404.4332926277094,397.46696953047046,Residential,Central,1024.33
799.0337374985022,45.85001413502789,480.3431746376116,617.9392124093682,68.1849875970127,51.2321730993041,27.94065333594153,34.74918239659958,171.95558530369874,450.5583398655827,Commercial,South,872.49
463.65229002670674,164.25588280891202,636.48068224008,839.6605789773786,173.02141235813994,93.93395728478708,26.88211268922473,80.57827109731218,429.7788996463443,140.21003153429373,Transport,West,1245.49
309.4793190354831,206.50587432004338,769.8817365057583,2963.234862246725,53.50535706145136,36.61807610806491,20.432209109076755,83.83690732748387,208.32482836239234,266.2556126610421,Commercial,North,1337.87
689.924126279691,198.383720097384,912.3670784287585,1582.8389344236746,69.87917723597805,4.074909350049349,28.906830189054396,42.77670646915886,719.416318916188,103.72062284075136,Transport,East,1604.88
574.6485066679035,132.00794331107312,581.2001403988214,917.9256348487637,115.42619521525239,76.16590631951334,30.580272258497903,93.49899036351033,340.694488859948,176.56423368265143,Industrial,East,1225.51
474.40368291002613,232.08523462533364,611.0739686999203,2093.1587445763066,109.39860563822675,57.950064967571734,24.289671912459582,43.27675249317491,360.3044430597451,512.3697006453195,Commercial,South,1299.88
1190.9582642006683,282.72799695687047,927.1043968012101,2368.1981985570574,182.4032296555176,82.74353052444138,36.339480391120354,19.68062453315042,366.6605492961347,345.5623199487278,Industrial,Central,2333.85
811.334360738339,65.86154993075029,941.3199975388015,2541.704151051036,206.1903748100664,42.613857207360816,33.67785872832047,24.987553075952118,331.0691574150927,184.933216960719,Residential,Central,1074.08
770.2203064416781,62.280992637454005,1230.9041550116704,2039.7906869280869,330.93885679881026,73.81811613564506,31.219761495855856,54.50639233680255,233.8589862716718,488.53503599824694,Residential,North,1158.49
819.5597343253551,201.27466511532998,632.826818086038,1831.0304544427916,48.715741373699316,17.106570614946815,31.15910372014007,17.18766940160232,360.7188825605752,199.66313740614666,Industrial,South,1464.64
800.4804698005396,241.43137586303482,1049.5010263928825,4103.87995318521,162.79735193491055,99.9526554831841,27.150484763049437,74.65712896120064,351.6242189450498,285.34594709903484,Industrial,South,2138.35
588.5804336379896,122.12979825237281,790.0457065603251,868.0128437500613,159.4616455330024,17.364697486910895,32.706860523672106,81.55862697680581,221.21763872069135,91.07024899144834,Residential,Central,851.89
466.0550727814327,47.56269796174005,674.7386099939923,1666.7554050226024,149.49034564631995,82.9800627658866,34.85377306031051,59.45214994257803,172.93113961185585,185.3152888042209,Commercial,East,968.36
696.9644826122151,165.63717011622248,801.6674202279974,375.0897702725532,172.98256584739258,21.243816896272616,31.040120064059742,90.40136076821882,482.56914430864794,329.6018617502387,Industrial,West,1805.6
583.4680777565046,199.8477857965309,851.7467332004506,1514.9325623069283,191.34928863285415,78.2507984594168,24.148583290938173,95.88578200716266,272.1673670831333,321.7494959923089,Transport,Central,1317.23
229.23884681773825,143.25400236517413,455.5188549379287,2193.975659832083,249.84457861183415,86.1252417027473,26.801592808566998,50.282297893959225,301.76210749810184,232.7390593847457,Industrial,West,1411.06
388.2769348879631,267.280260063409,472.9185377470123,3291.8769428421497,151.78040845619526,87.6640906209768,29.86835016488045,18.021445140079166,352.33809827170353,270.9153072240369,Commercial,North,1608.5
548.8521377305169,193.9075365377583,1112.1511809661474,386.85796369851226,287.55243421675885,47.571844691317644,31.18872452023072,30.81376986778662,230.9840025455535,412.30968917952725,Commercial,North,1507.9
986.5506802894736,115.30877718498897,704.8296568075706,2150.4353400749906,152.3423557360775,42.8812973116626,26.612613927282247,69.18544393421419,374.53183469909186,259.9519441210918,Commercial,South,1293.34
698.3741030784801,121.63220639617442,915.2939866616201,5803.77708610806,101.58225314331223,83.37911301307363,24.16595726446464,46.520594474482195,308.200898987535,356.05333704409367,Industrial,South,1743.46
425.7767502439244,167.44671640072818,1097.7795330020904,2667.367247802579,145.4240862658711,57.94892229508141,34.92103493688916,71.650845473468,321.2194716797044,212.69069295742298,Transport,West,1464.21
371.4218318392267,138.30885591665324,803.8047242594682,742.219044980441,81.06107078149162,62.12768314885283,21.638401427405213,70.006166753751,524.296635093362,283.3559995907496,Commercial,North,1245.29
1081.726383766429,59.93368360565434,1057.906350034492,1516.941169713132,83.35949322573666,23.60671212086215,22.29334122183541,64.48313229505423,346.59925565221647,86.94614350747815,Residential,South,970.44
601.4763286304068,185.76704275403767,854.1559793524657,2724.230018514393,120.53731931957154,44.61570142026067,20.36436095249293,24.204931020908553,295.196971752,221.16267874769065,Residential,South,1015.91
113.79067372260934,123.31123220735019,871.8618962877033,1231.6146828480814,111.72228837183258,36.9448888066787,22.28224590187838,35.732376645141045,199.86009230459717,300.0098998758206,Industrial,North,1182.69
619.6472962127444,134.39407627445846,1358.8455649101666,2319.758152849117,,66.53215590880342,33.23672438559502,44.0075463891231,365.8707484684501,274.99334907863624,Industrial,North,1867.51
891.1551953390644,93.3328642253131,765.3202123937785,2229.968303910667,119.7517487445427,19.6483280019196,33.404163782566016,84.19761909384303,473.8236324646468,212.54521332979215,Residential,North,1049.98
365.6073309300036,335.43183115099663,1117.7205028507756,1855.913079970883,74.75680258137804,40.575192672228866,26.62977232767415,71.40005530871196,297.4788118152098,164.91828766532325,Residential,East,1148.22
673.9781615493199,222.36739980913856,416.0209424095995,677.3054808787208,131.83942554299952,84.87320589981576,29.4815719777839,68.04408394024742,472.156055503167,305.115908863444,Commercial,East,1341.67
703.5370376331919,375.4564981769876,900.856118598191,1133.6318763787453,151.57542643900618,54.64456770885323,26.94747711188042,70.49236102398754,368.1200126958321,270.21543427955703,Residential,East,1304.02
376.8463044958299,142.88714026880405,1508.5367481794488,6164.870680116176,139.1056647732951,89.60439773248119,21.040115870235226,55.28818733062566,334.6299804447171,338.5212217750822,Industrial,East,1889.86
1126.253997893185,228.53874040676314,2075.342313680367,1445.9518231347497,72.71196300438729,23.252744395668067,38.09053503837217,13.566854392125709,387.8243848318881,196.14522957638326,Residential,West,1565.57
709.1846854476327,187.37334288804718,426.58845943555616,1575.1268425349651,259.71337087174834,43.99033365982695,33.87369982534989,28.100861874906556,176.20909969814937,380.9764517615806,Residential,Central,981.91
547.5086385487098,117.6969855771658,703.2360977443248,1569.199425276452,45.5007809681351,50.041622319510516,28.77209702664854,22.627194022036115,274.0872455526575,150.79686060335317,Transport,East,974.68
603.3851843735729,142.1392502842359,522.8810789930728,3240.518776295102,138.01956947101087,40.056740730618635,22.720550388038653,15.75969979543396,278.7938060677301,120.71553864533378,Residential,West,1053.08
340.68353488924254,222.16655188695276,778.9235315181888,1631.180199744018,71.3741954534624,,25.875328114151102,38.75289831849686,303.23059583838796,514.5613888617572,Residential,West,876.55
333.3879056070453,93.25924142029257,1196.6667315644765,1885.138096538674,215.80370265864372,14.871981159347037,23.537872242900157,80.89571725267136,666.5021770990414,156.10308345405215,Residential,West,1223.05
523.2439824096934,268.5637282403056,1380.1651853978544,2151.2941244939143,163.1590476577894,51.94003901718577,27.487911204642344,20.361862327942394,339.51609450816886,306.46922656206664,Residential,North,1371.86
538.931927703311,179.78835320808304,1399.7270058250356,3472.5335458976106,151.57158273025075,13.877235047600923,28.549615872996743,20.028026537372966,163.3306418296833,245.30348187852158,Residential,Central,1175.47
584.7649110998765,251.57136981744213,407.53200686982865,1891.1777095000446,115.02703461414295,62.91974887875548,25.294372530948188,21.18376172723657,244.88589407775456,520.6587793418031,Residential,North,1114.85
1171.2523097677552,200.2366209117395,843.5870092096471,2033.683878484206,248.40107041379875,83.0248133274467,19.727936235464988,34.2839522130797,321.33788385609023,388.31888937373327,Residential,East,1333.36
869.403718742659,66.16664263030658,626.9411483794108,1276.4903827061723,114.87573657552669,1.9997046693564058,37.66029492857942,28.19864242428613,346.0101967146066,122.9187622235836,Residential,West,914.04
249.89993534697976,164.31926065002796,758.7713359458515,2355.446121013648,300.3092518251624,45.693622170393446,28.187633734156755,11.25650048262345,76.8280591052668,596.0783334902912,Commercial,East,1258.39
1070.7377074147555,271.38268909008184,667.6293574019835,2810.001980358513,82.04829203837346,49.27035918102952,29.282960000972135,34.88520822259191,402.74121581782026,455.1343666552827,Industrial,South,2050.43
521.2836076879258,178.47449131334608,417.9403838017987,2935.726182957827,132.3033812917365,72.02542106531372,24.88795306962507,99.66650181905054,410.3311045551723,229.88357495192292,Commercial,Central,1179.76
907.3336108357984,166.44759534920564,1386.072285284224,5589.978970593856,188.74475629173165,7.471993197503579,19.189944423353932,40.2837798570336,195.6721797565001,149.90196059592049,Residential,North,1383.0
541.3683739116021,178.38793494833814,583.9049566961007,1073.1682071289786,168.83397867125353,40.6020781270096,26.583497345510818,29.01331287764404,467.9743573905899,317.1971208601231,Commercial,South,1168.87
688.3818254812014,57.141451512722824,632.3729606437099,1945.1309741848147,126.98726406378968,78.54812311725559,25.3838899550655,54.61425365429547,296.52244388122415,326.1348933353552,Transport,Central,1146.18
353.94868198820495,284.92959460299005,1512.5253139904773,1638.7773817239035,49.19059796931898,,30.547671903597887,30.643161782452918,213.38324078284458,95.92302503690809,Transport,West,1367.93
758.8200703818928,40.1706770991916,381.6510959180413,4981.608879389242,142.8381708092781,74.98461881132613,31.53038786688085,60.36806811886417,189.14113382126916,305.96374842238754,Residential,North,967.89
954.1228371751902,313.5407492561831,999.7683599410565,3007.9713261499764,107.71082027976142,36.400978027165806,30.825147398546854,46.059026176074696,398.98297099878096,436.9321305698528,Residential,West,1498.14
276.1741312288373,137.6983104423165,1269.333310406972,517.0108802483662,94.41646288841021,92.0087681885855,31.941361679585746,90.71571864515043,252.34639497972717,297.69216703316255,Residential,Central,605.15
960.8155253384743,207.11855097703105,1459.817331094614,1197.2484997869758,194.33160916277478,7.734525821951488,36.01832903738299,93.51273359919254,362.0221537516973,273.6142832778376,Residential,North,1432.48
465.10734005082566,54.16632973439676,970.0218192016549,1503.059778046612,43.151733062601345,9.11644058027975,28.94925869767778,74.1755132223982,186.48638247381916,257.0096934189745,Commercial,East,1064.21
1339.6664072812302,240.16386746888193,1126.6535415401522,586.2459563975539,129.40252760345024,52.848590490904634,32.49607910404917,29.412482296621274,280.2983848062317,183.66748313301053,Commercial,East,1725.63
914.933042338377,220.56190816144002,1269.035585934348,2045.8462190200523,23.994775966384687,47.082384903565256,29.46930286917864,52.650869308610346,387.60223757359,480.24118358840957,Residential,North,1447.99
843.7312552238915,214.0598544326876,784.3681443675745,1317.9032577740318,169.48801932179518,63.846752746490154,17.499823000110414,37.488085033667275,517.1797468039723,236.64940273615133,Commercial,South,1409.17
605.0464042182664,52.66222025535162,545.6028415323055,5739.822305223304,195.35305180751266,22.905613473921804,26.227398586561456,81.84497221988856,541.7761684071742,317.0631143657221,Commercial,North,1400.36
1818.0244361111706,109.35793731240985,1562.6186919790257,2342.924841441591,141.81060113722725,22.60282909768756,22.66144246548108,12.62566982383329,512.5825379313696,134.01703892688735,Residential,North,1735.3
522.8630826959894,200.75580129457222,1074.1489980875945,1461.17241962362,102.3574909415053,74.91095677697037,28.157166653521802,69.62425249103458,883.0382921943585,268.69045460751926,Industrial,East,1843.7
392.8188496186048,281.1915232453853,843.1527250462469,913.751522249005,246.5778375474702,29.176520070467316,23.044949203431816,39.09041435297148,364.49124180350276,364.5563258777586,Residential,East,1272.55
473.1036698218072,100.6658929259127,428.7253316388584,1832.8160945735717,254.89882093432504,72.72917351600022,30.028404450151683,53.29041242035436,183.87786883775055,233.7688334205862,Transport,South,1192.38
1031.6569385294547,102.19550670543126,252.57803524026735,4720.074290442179,155.57535149161478,64.07069850795799,31.905140490697974,39.069547416015936,247.52936094533177,237.27915709226545,Residential,South,1119.67
682.3228283553262,194.31050800876807,991.2451223694286,1652.0057135278958,274.0172132000542,8.332715332917362,33.01785023010079,42.83110245325277,535.2554084888217,283.0191339013503,Industrial,North,2344.41
636.4118243427477,472.18675886150464,243.74210138873892,1843.9277501604606,81.9560202516442,71.1129639736074,35.096307807621336,70.69263749135624,232.80381289360315,357.3811970327325,Transport,West,2025.61
526.6043512457924,118.80812040035403,839.0898931034669,3775.619242854963,122.90165800232619,87.95153746059256,18.619879579645534,63.59449000867753,66.04462844192689,304.8604252196859,Transport,South,1282.11
621.0547776857443,136.8365221821682,596.5699280560735,2298.625584071704,31.199687247318856,81.66462573476223,21.00499982526591,31.968032112535283,285.0319236299536,703.0015136878272,Industrial,Central,1403.13
509.2963701150345,126.48461513946373,666.8699091818133,3199.381713785305,68.55895777590612,0.8861865889775111,41.63907593116559,13.927386533286455,463.7057417131057,514.8433189012783,Industrial,East,1853.68
879.7010561808161,156.11795135081383,1406.3813657524995,2451.914656309153,65.16545467352498,53.97139061386238,32.04761859929772,87.04196288677633,245.31428872349994,210.70726095471497,Industrial,Central,1853.19
578.5038304236142,291.982698946526,599.2169659490202,2363.1537157266753,168.96275896573766,91.33372117734217,28.12223985523506,54.30760134611773,547.071537944069,467.36588171476524,Industrial,West,2204.61
477.3864007492299,160.3610779873835,857.8397282351552,492.1310095898766,71.25563303374174,59.872567419916635,27.160187551559478,65.68572018242651,695.8557111109582,94.90602489222708,Residential,South,743.45
992.7160417482406,494.6331675648534,600.7257366542647,815.1465769619435,41.46378297671353,29.032607065310156,26.715699264525405,53.9649345217562,360.6292615010476,244.63051253163243,Commercial,West,1881.64
399.0910268004579,175.26691383006934,950.9539822019525,2139.2023984837406,90.48582144878964,19.45446419997974,17.3312672123229,65.70461862397539,751.493994981987,117.24714743702268,Commercial,South,1070.95
686.76312545526,305.6346848618747,892.2299409041124,980.7466115930057,96.73681994310489,68.4947529354962,23.13835447688254,66.42752246187158,616.3893417881898,377.1080812042971,Transport,North,1825.04
228.3669882256421,142.16095569213496,839.3458183886148,1834.1571465044512,61.06880230400995,77.1253934712873,26.440762027476705,11.353648307896368,470.21947632575126,233.8155684476875,Commercial,South,719.82
319.2793869249167,82.5669155480143,1271.0843552387091,755.6558221016492,136.26766562354,91.25847649174004,23.420700622698067,57.99332049396476,382.2361234637073,144.91086037675325,Commercial,South,932.45
549.1991219639984,160.22677837122373,382.12062753537253,3794.7922851069256,149.16283304585912,90.57165835331053,24.074320047252925,55.18971720136597,367.10678032974675,415.7564882484073,Industrial,North,1712.55
504.8270227511017,215.62901425844203,331.58056071360903,1073.0007371524644,52.571326179705714,33.9280166115716,39.793657109903094,18.62357646601508,312.64522628929126,156.21724061971844,Residential,North,906.04
504.4553974911597,109.88459778111202,467.0897144440589,911.5881015538605,182.12596157861512,60.3876931505784,25.741734792167996,77.12936748966752,416.65898622190156,396.1514818778752,Residential,Central,767.53
918.7138535159485,282.3616317959436,894.2332596241279,621.7672177642985,78.83737131090267,10.151918585899377,28.390600041333656,31.227343258939687,115.47737020783657,322.07768841978054,Commercial,East,1359.52
942.9545674922618,129.73020234446784,1022.2634093640003,2914.76580426522,95.9188765701797,9.446255016379745,28.21268142501861,14.907281297858619,628.8535088261368,256.3045779930315,Commercial,East,1277.82
747.9703867631948,93.35395277362464,165.49265860018292,1832.414051838803,163.81306603737386,7.1468566800546585,29.947297493115418,82.28430766750684,757.5494732061661,442.9969695488221,Residential,Central,1227.25
388.45443801028733,448.52298533131267,1016.3788277632467,3708.3664195377974,96.38110865449939,92.71442460879122,24.61358617064949,87.86185761810478,110.97780952715455,172.9197064140294,Commercial,South,1374.86
618.7973453173594,106.78438356032065,1681.2204115001005,1282.9264192432415,69.1589120029208,15.243242622749353,33.23490624019341,31.662528068352373,457.47658489337186,104.01854290067283,Commercial,East,1068.65
1425.3145904861742,127.72333362556756,711.2177244467532,797.9156034136554,132.17942968775404,48.23261984886285,29.217810968033678,71.8790965255322,605.9750736547617,150.86063748301953,Residential,Central,1406.59
1735.0660544262853,233.07882398121518,1580.4371189846372,1776.4306878213388,217.07383031730754,43.307236479440725,20.564178131376668,10.445560665624715,344.91474859791543,698.5085875437383,Commercial,West,2382.82
997.066885709036,139.63344363967312,983.831846173724,4172.909061305128,203.8950518451454,32.47711096266544,26.46248000385186,74.90349625440743,305.51412880231055,184.8871454299757,Industrial,South,1995.37
396.0981057712354,95.23869357468595,1499.340802297676,481.1223634170156,91.51848907280305,53.77306523514363,26.139258396641047,51.83383990965793,274.8325094633891,227.0644738233419,Residential,South,765.33
621.3480576889386,121.13066518072677,1375.5560067631436,2264.464091971708,75.69898618408111,0.2790890473588603,25.909172723346884,81.32347958214694,250.92036884045717,571.3405068330396,Transport,North,1597.92
725.6091918084784,387.6462570585701,711.3906992465567,2417.11337019276,84.41712941961653,38.01493383195974,29.54648401111542,45.373057539933406,374.59168467017804,227.23504344540768,Transport,North,1983.03
676.4030945727989,219.40016604356214,1198.9458600330581,4600.312240304189,204.99153880231538,47.93440604696541,30.173625945896102,41.59681547687035,545.0739930217388,382.3549490134998,Commercial,North,1677.16
1044.0449567238923,240.75540782355287,710.6876217465099,1013.7206244713439,83.65207614629598,80.33043862053006,29.583265414069928,85.67063876237238,122.15702815957019,603.4678795938966,Residential,West,1368.23
900.5920957003266,189.61733060395835,1667.4610992626197,452.06856174789397,267.2491386426416,70.09634293016454,28.694576790387817,13.478202812364936,203.75355750815464,352.11468962513374,Commercial,West,1712.52
385.4553589428781,205.7388508584394,741.6930984294701,1377.855618701627,162.7591645748808,84.97618040179573,27.428188538280875,26.844848818877523,242.57359722525192,279.4309067045452,Industrial,East,1596.85
482.9873868533203,134.17442547416255,1043.7735957677978,3170.537923531641,124.42458062029641,37.62982352651212,16.243964979438463,47.09159819988271,152.04938471290288,422.429251506456,Industrial,West,1548.53
995.1881993719928,177.92452015983272,1805.8768477891456,1913.97791931072,90.7135496194432,14.090552779738852,30.889463144690865,63.67043452522963,435.0233786090555,76.08667194123848,Industrial,North,2137.24
1188.6765103492044,49.83248331322879,1064.030636039245,2584.8793008341577,133.11451034380454,40.10564639330531,29.441770475532383,10.460126180533628,409.0499482429637,225.68940923489006,Commercial,South,1309.73
729.744865023539,262.94329553018713,677.2048012773826,839.0014570791193,68.91280195619848,96.30596339250074,22.076193616643796,61.763292520063715,483.0955310571917,519.1168332962501,Industrial,South,1640.48
1254.9841244012302,133.53454620171541,440.825952300744,1583.0646071199385,53.57068798656753,21.432759405726852,28.402911391983206,44.06432856704204,100.30578885599796,186.157873010676,Residential,Central,789.83
692.2376940956605,86.67663788593661,383.86659391869927,1962.3951196561118,163.54913754048818,17.475536297406325,30.239692405401115,66.70018393299671,456.99136384905745,54.88968693187025,Industrial,West,1570.09
419.4863107106182,183.05463968363625,1014.125873311088,547.2056925036097,124.13687708179395,94.43372761590757,32.85623532612531,91.62764556303064,543.6326703760886,304.1227628604256,Residential,Central,1065.42
864.0340478851363,150.38091283311678,801.5527691839379,1954.5287419882056,185.47535969414025,94.99230848102128,29.551507215869435,49.678481046394005,438.95135641603355,384.61388260453793,Industrial,South,1755.83
2084.2179981815,258.3889991212203,471.2322204988779,1480.2349979684464,146.69457430473682,14.923685442991562,28.608009034081835,59.912077896961435,332.2525663197148,241.37639112549044,Transport,Central,2379.84
342.06631942799095,162.03169598408036,1142.4156372246412,8612.233061728903,89.91404287800385,76.9452861551199,31.733861587503714,51.65109266435715,310.94641861040367,387.12006712297136,Residential,North,1325.02
1233.579778558167,119.73463571320053,1135.4743925302778,1861.770649380744,203.77866163177353,42.97425041857704,25.46729989902942,20.66698028904461,391.4382313753142,323.1888459245645,Industrial,South,1999.01
842.1305336208081,164.02899633006066,795.0987279029375,4756.103246428475,95.69354024294108,49.22157160049216,29.060016097975264,81.38016889724084,370.74000202389084,971.7972897103289,Residential,East,1408.18
469.10497721252295,322.66087171317605,1528.4882032541498,2572.328708135243,232.45271951548062,49.868814645814616,23.894434028980886,89.66761485164122,246.13644025947528,426.32235716059546,Industrial,North,2543.74
231.46020622301947,262.5699109993618,347.8526476123159,1709.7748733166418,94.09332217329197,96.83715611183436,32.55148353810652,83.03199231551316,105.00476935911918,323.34270598224066,Residential,Central,741.56
182.6909420251546,219.12028740841296,689.1843949697329,4325.393882824031,58.748854027386486,18.466111425008858,18.95144442871664,95.28369169168676,262.86833057332836,87.11147441176823,Transport,Central,1296.41
503.9622011253403,268.12259945717136,1061.4978620688898,742.5993317874064,253.40220962112733,77.30637352528183,31.083685870751623,52.12256660171959,717.0724852029921,194.51480401913756,Residential,East,1242.58
780.7036693772816,227.43292266923004,498.05727863479626,1355.4822756073722,92.37269215942685,0.5674108359608354,27.088544809240037,68.7089579952465,113.65202440346734,158.07321847008595,Transport,South,1227.97
962.6437371252559,102.59494184293526,1192.1466354941228,3290.5628127415584,95.89361996367033,62.86101069088057,31.826936653631464,25.1507444489297,367.95599471369184,563.6839653676308,Industrial,North,2117.21
1062.652789400904,241.70830368480256,1345.917270593478,247.51320606889234,60.24079388496926,65.26779766990596,23.09727814804351,97.91273090622349,639.0303502721125,147.03656255830495,Commercial,West,1554.54
749.4769281632997,283.62817212909897,205.52950271892007,1819.7243699385642,118.87007001740888,75.37062094506878,27.44991789408148,62.249864488657245,488.4679116863733,239.28168469708226,Industrial,East,1876.89
697.118480332453,291.4017094132991,1551.394097794782,1809.0412363008202,64.65466238502714,92.59623628061254,27.30315044865639,33.54967972907916,522.6545511225514,342.48811942782106,Industrial,West,2490.12
557.860540003147,90.80359559777092,1033.1806562093404,2215.820743719218,245.98934711698968,75.38351056556391,29.16941780025228,82.48368505319942,496.056256211314,213.6603852181297,Transport,West,1639.71
789.3202311787263,127.91983075083463,651.846790823015,1595.3122359693284,103.63552115288014,73.21439858395088,21.7621902467601,62.78420054877085,152.98408628920993,232.40628362100495,Residential,North,848.37
472.59056877183286,117.99137300902338,400.7645639337015,3206.337520917825,76.50472624795997,25.378751632097497,30.18107544042177,95.47074837719418,586.8482786063558,323.3430940108183,Commercial,North,1111.06
351.3801857829297,141.44797847742473,1262.3943051400033,1053.2672412015197,129.72537918869804,99.28397091714794,17.770529359638218,79.29796411437805,624.5489469985766,186.10531311473093,Residential,West,985.46
677.3996348603422,207.97079886612778,459.18063317713563,3492.5399746591866,351.5795352895943,46.840881092392586,23.66078971441318,88.95383408900773,177.05425068464916,303.3391571749253,Industrial,North,2291.33
929.6431846925125,180.74764830847022,1032.3358702760509,819.1000544111554,132.78107730659522,41.74501022792231,19.186349964304007,59.19850079878015,273.747128086121,415.57328545549683,Residential,Central,1067.84
313.598453931657,180.77430306917594,468.5978426634169,2332.6192762452138,111.25725889702332,50.18775732770935,31.141096998428132,56.55775828109024,347.3008753939814,201.6631343179873,Commercial,North,965.05
503.9868261065449,77.48680883454817,830.5278745554687,4009.470503654618,128.13703666401247,39.40564557536834,29.00065388754518,78.15938240896044,275.334775711006,154.7698196755622,Commercial,West,1202.93
665.8668995872866,125.40441407765485,1237.6016284578131,983.6403072054742,190.1861466938233,59.36375712259545,29.280193234493684,19.451257794581966,235.76402392223625,624.1707481765958,Commercial,Central,1118.85
659.4120583497972,301.85552103500703,655.9157204877188,1175.0356870855314,181.55763448954917,34.96245897850264,34.3659469812428,14.862843233520636,238.45063985686602,628.6479020249956,Commercial,East,1480.87
832.0107976137434,283.0329371635512,1546.6831777921934,3569.562761366094,144.46413487929357,,25.42029165419099,98.53320214642214,456.29515946268987,273.2474366449185,Industrial,North,2581.77
1406.7903464696499,160.64635201300266,1072.4273281141213,2114.679181381105,207.98447374841726,92.79949017957395,30.047928407063303,92.46659758360983,515.5402918182896,298.69507308762417,Industrial,Central,2379.75
183.70052110744035,242.03044910237662,498.858462596682,457.11033478452134,131.86771855626745,92.78284799708119,27.330111735882376,96.00948471204161,238.9426477628191,297.3397039141115,Commercial,North,871.1
1435.5653076431277,198.79902107606475,416.91539815667494,2169.6376860481896,116.14707613231519,49.62454127806887,26.56882722665696,15.612765714675621,513.9941078992964,224.39994351240156,Commercial,East,1670.65
1378.2553084646936,255.01280807066368,566.2005050877638,2867.6933703221684,130.38451412630693,96.21473439443035,33.53312916039448,34.237127071904396,274.75693362441734,269.6027750815158,Transport,Central,1990.64
969.8490825492698,247.205570082818,812.5114085074556,3662.34585530743,94.40521916083098,41.57171598443574,37.409396817010204,91.13881412746163,183.0015634592603,88.11518166079146,Residential,West,1334.35
723.540883838523,167.2222300058419,1612.2309001404938,2296.092758446244,192.2152460088202,38.73788684666185,24.84266668568293,18.053161918851934,387.054415490121,128.45034532306914,Residential,North,1443.53
477.1669333795948,219.7832453837883,1748.8685913622853,2627.9158499707587,91.98020653323316,91.69061357141744,31.168597957599417,50.6291060897558,339.9965709956283,233.14886625674598,Residential,Central,1186.12
964.5076373176145,205.27058092832232,644.1662357422911,5048.219587905328,38.195232796535876,63.29170030231738,28.595584563234056,40.716221780059755,393.7143279933915,202.68026041445825,Industrial,North,1978.46
740.6801313316444,169.46861718285137,634.6777607964508,3352.00805701302,53.37365936929705,76.25173699968822,28.65556211225221,89.18654306505427,390.78288048843996,139.45378093752382,Commercial,West,1438.77
563.5423757153146,151.41972680975766,1152.246625776116,1554.2754966074676,151.91155736845846,41.27438315640213,28.23588864516744,56.62685191034327,372.3250129237236,269.1279183743461,Industrial,West,1738.88
953.2278409384182,361.7382743040742,1148.0499831763473,1699.0314398111584,83.92281357040231,40.70016644760152,25.33461004269421,36.13367639862135,322.0384962482093,392.86356760284997,Industrial,South,2245.74
1027.7281608671185,169.57514770477587,1436.552678473915,3908.020665758379,183.70653799838578,8.330370487810047,9.07509719539149,57.18710582092078,508.79881418299,186.2677559649402,Residential,East,1463.64
125.68871797788199,234.77471382568677,1453.6657306939007,2265.155981427515,124.73798777245727,96.67438846137732,34.67404662299244,20.12015850509513,440.7352135288761,69.23301126427381,Transport,North,1474.04
1184.4932174509283,348.2967318239876,547.2261931891511,2047.6692978143726,191.4980154380052,,23.526337061638003,75.80824593008177,279.26590347612154,323.4241067191891,Industrial,Central,2453.76
451.5734534503114,219.60436720473356,375.2193387781193,1519.8798965254148,40.44447300547858,49.4267063633931,25.79221427524696,65.65037990139191,276.0602439485807,236.4337547411896,Residential,South,752.39
1115.5181660672329,214.8087346229186,1079.4660677512454,3815.4981813966724,91.59823648960334,11.461027184607053,25.89853549990956,64.06379029548417,146.19383495581,425.6653933626913,Commercial,South,1534.28
568.5547888477892,170.07164457791873,915.8825818546073,1028.606885180677,75.13218801261235,64.69536133543663,23.080983033733112,49.405991770756835,157.85473955638565,122.24457355854412,Residential,East,785.81
724.4714893747347,207.08527918659007,278.40348870365864,1357.8031611334513,386.51015768133146,39.0875450247767,28.20120070997811,36.48197377845917,311.52502854258023,150.6819493218753,Residential,West,1430.54
789.6120767035216,144.97408851428582,301.7181349455088,3808.007080718815,99.9155908496939,76.76618740924276,26.778437822889575,15.884258746106928,479.72853315780117,229.1725699344353,Residential,East,939.89
1074.6004723681492,526.1029422178009,370.57253043666304,3779.0592632032503,52.91018240408926,52.83786544879649,23.41732010585231,95.23292537152484,220.18967279648066,168.99229827455616,Transport,East,2300.22
909.2535342823775,78.52843456313177,1056.1482981322947,6940.0558071023925,150.46558078847147,12.947931518493771,27.746510083256776,47.489852940301134,449.7302723329274,490.64976326446555,Commercial,East,1669.34
559.0381976166492,156.25886677866234,779.6899887053114,1824.4031022051959,71.55966578461903,1.0740508594946019,26.83476653520818,54.632953355399735,366.3179074894819,126.5015133907333,Commercial,Central,1063.65
197.9240277673236,221.3709448574062,1066.948903968233,1536.593197243794,201.47745256987514,21.244868230030445,31.63919285644051,43.819007931379126,226.88632687495448,224.95861787015275,Industrial,South,1602.86
827.5226710117428,214.90294458670704,482.184134338842,1648.4062105950616,218.35125159550643,72.43464948204557,20.298086061591334,98.908961560631,345.82129713202295,693.7536847777144,Commercial,Central,1373.5
710.6934910126257,144.84559754060078,1101.6632286453746,509.77100340415035,75.53934701869855,82.85141276008635,22.973053395541086,81.65548095568295,339.68188582227407,120.67291756154845,Transport,West,1349.06
339.77144558686365,62.67603045986039,967.28220951953,293.4298445533689,284.81051805068944,34.13350356596144,30.626488054187025,18.618420230323224,231.6432662206886,283.06216810147083,Industrial,Central,1173.95
749.7979959444334,85.99708933972367,1138.0444079722588,2290.8362701636997,85.26598791057663,53.59250712328545,23.801285282758883,64.73575582365365,436.36832042702827,238.81802743758303,Commercial,Central,1101.3
661.9378202863603,187.05769460492388,665.9251873850644,1454.5503421318172,143.3937538268349,24.001329045855602,22.482988687274585,53.61711162871935,500.56038309592424,347.7414270685439,Commercial,West,1283.58
1179.2305236699103,51.82571934047601,599.169696232486,1084.811312832936,204.4612685556446,88.04432409199607,24.048545294956945,81.40168316976767,290.89402625771015,330.00239367786367,Transport,South,1296.47
1480.3938997819644,228.9999687863178,400.43578100810976,2027.9674352730706,151.84896978343548,96.52071459091819,26.495106416553085,99.75844109411679,191.5611310872835,319.28015969304624,Industrial,West,2311.1
1016.1819965066525,294.618709882266,718.5343163434877,2326.5715911463203,100.00314025701373,75.294002372694,26.51410531966479,76.98760665421707,511.4283265085538,440.272564962023,Transport,West,2242.61
644.0793745705881,248.8602425089736,1320.2579592451516,1737.9948081831863,58.959536821165464,8.888672059183111,25.950207819488334,87.8435938724494,152.8933781670321,434.60844358801245,Residential,South,1132.14
690.0268085223876,272.88981211681255,1482.6477761078875,1769.4785942757571,279.3333076810761,43.711858061891895,21.857174257756753,55.23719521202336,380.8037020565178,201.30233874587987,Transport,West,2157.55
443.6915038871384,53.089750165897364,461.1974616657126,1442.246936188482,153.7094450944838,99.05056817499768,30.86579463626766,43.623819132486716,220.06821229719642,197.15118505425158,Industrial,South,850.45
485.64356188701834,147.8163915513026,812.2288187912529,3007.0961286246215,309.073403570011,22.938482931326476,33.63109881128839,67.89517133548279,183.71491379200762,384.0730074874799,Residential,East,1260.26
626.569654591194,98.24944169934552,1623.1148113552968,1290.223527786278,164.89908144988436,67.04716701754788,17.447856568066346,77.44765723624876,259.98015975022184,304.4726928069827,Commercial,West,1426.29
595.9382544448817,69.01888913095762,1722.0087520103918,914.578301210135,288.7296123356823,93.85634814276565,19.23229691288237,30.478053988362742,339.4791282727113,333.76017639874635,Industrial,North,1853.03
329.64961788899075,132.18816727140472,704.8593789321636,1398.7611070922812,81.04904013705399,77.32033882633873,32.014284873874935,55.30487318738035,202.76808375898628,285.2551319555432,Residential,South,555.45
1184.7921790867167,344.12194170518535,1372.4748792852636,2222.7651740998754,84.36790451651872,60.886015566427886,34.84898170312869,20.241188811177867,168.94561877217487,216.67493824160306,Commercial,West,1898.04
1259.9571944101924,390.0064018848315,1268.3584965163725,3123.610766275628,113.81002175947998,50.670515889556256,16.354105141476317,29.471753195131097,129.87938017043876,374.2503420513828,Industrial,East,2747.39
1167.529278236079,,1222.0522112062426,5658.485254618421,77.52305663759876,92.88143623370331,31.07718250639417,89.36730011289073,639.2625759976772,181.49485556675108,Residential,Central,1335.99
1279.4547327996918,175.65094654447134,343.32612189741957,2034.7596347868455,48.036985426904224,39.47333671076954,35.189399432243896,23.025878436765367,394.5958729828543,701.3546055274567,Commercial,North,1805.38
1675.6111617158385,205.64444031568777,625.878442236,4793.455634039804,89.21397813188058,90.1268999884553,22.68793867083594,83.02134266219909,227.67430617050385,667.3025964600994,Commercial,West,1989.03
447.8629878805384,148.36901505523178,771.8975055700689,1211.0947370699068,163.72224428947848,43.10529290075708,34.898339134466056,43.533616892773644,403.42480684178116,781.3786294508852,Residential,Central,1052.52
1642.28926917863,304.8766511021014,761.6257955074149,1056.2163547635173,63.07518318311199,75.6545023758828,26.11002859559997,69.71692379894193,337.9531110510879,314.7608863661235,Transport,Central,2023.17
557.4038548447569,133.25040330303622,808.1939033462974,2551.225950233116,67.1435646635989,91.57138992674767,28.573185452865598,91.92937344781646,456.85459671976395,231.8002651027549,Industrial,North,1550.05
884.1654723434742,121.73495315325013,1807.1960870445441,2799.7117192953297,92.32105171720303,55.06429086282195,23.403833427264555,80.28088120744823,301.6339010228178,548.0513287954121,Residential,Central,1374.36
288.1176693841347,108.4195304668656,716.2226096211035,2173.9513725197367,72.78288100296977,30.9879848334258,32.005142630106945,84.33470078186112,493.1877646057951,288.6164919689292,Transport,South,1049.9
523.1965980938481,147.8302375210845,987.6819159476388,8730.610795084785,95.16194881438733,5.09867196586743,31.172260588077336,33.50341630930087,243.29818800692178,425.3822648546126,Transport,South,1641.25
1029.3413876876004,30.316861066599447,971.8218267358264,1261.822522140622,118.26875722605836,80.92599635047752,35.623546778649114,42.550714326434495,364.93976344359993,423.88998378340693,Residential,South,835.84
903.5237725992267,151.4833533519075,812.8705834191805,4240.956444913772,65.55847030014846,62.20099206934171,34.203036845551125,75.9512818485693,479.3853894012582,184.28525352329646,Industrial,West,2151.26
552.2175493764224,181.08939252406506,475.93247704698393,1078.2940360704724,93.47713447703096,26.304564782549576,26.954249778913823,79.95111279591572,373.11809671737166,369.8017933315896,Residential,West,998.49
689.882612665183,186.8387989358602,863.2407633239372,2943.575535019377,123.86171562269205,87.74116531615897,42.541893075909485,81.10470408407906,727.813602147975,414.53598846294364,Transport,East,1769.01
496.490494430125,94.96298188671757,275.5126905900059,1976.2818502501118,79.2384032106787,92.03027637758014,33.7539632423685,76.60971832638594,452.9530879451226,270.7802855169041,Industrial,North,1038.93
1028.0569560633082,185.0541730043742,1032.405532266981,2273.8296702915613,58.947464437582475,88.71660795128759,29.702580175228285,30.84603501182904,400.36456579108807,127.6428832668144,Industrial,Central,1820.71
1220.6530080320053,183.1329866565894,249.96486961072694,2568.7678864829786,82.47206748742931,60.15178983561835,22.01422801173194,36.01779761403352,281.7795473473502,554.4525811954464,Residential,South,1110.32
448.866771639887,185.16804993540143,990.7482722330143,2025.695242566814,103.02517257290248,97.65816071692934,19.349836353861825,94.78369068076502,368.4914746797539,693.4804869964396,Transport,North,1330.27
657.3447427367552,251.21332349063798,610.1085521323813,1765.025525166733,46.52876963976289,87.4805631201768,19.774860714616697,59.847434357079464,556.2351602196678,298.1414796580038,Residential,East,1196.91
322.6272226501792,92.7568036536516,508.96808279549026,411.650948920551,164.98387012785332,10.426040494565935,22.33167256537727,77.90053611496359,265.262844616408,243.29024046305946,Residential,East,652.53
739.4102945389325,149.28654645448566,1160.263487871983,3437.003448248493,105.97267988376768,98.11059759593444,33.88651327945114,63.92761116034794,216.38126427215903,114.57716071804103,Residential,West,1309.97
841.9932646802646,60.15621416226744,677.442345615868,708.264945128267,82.7211363060184,54.880637266985076,29.435444566687615,93.20516787221361,265.96447342707637,306.591357859181,Industrial,Central,1412.47
767.4026267058974,239.90314779500068,842.8076484203692,1467.1434796218855,50.99956016656012,92.00359035579719,23.93313408315771,88.19036362866852,259.3666993887391,223.22865111308158,Residential,North,1027.33
811.900654932355,100.96131751873828,349.66865147120194,2383.4071553323274,154.44351587797743,76.03414348326818,26.320654945516463,33.52373122200615,425.0570295976863,114.29408358032589,Transport,South,1316.46
624.7617394291335,270.13089456618974,1531.9658035955808,820.2387308284368,219.44279014521013,64.75666753554187,25.71126798536057,89.62385247603,688.8200940372326,443.37194816006,Industrial,East,2521.96
631.7994849777801,274.7700368097627,880.8009966181424,1763.6822662346547,91.21871268573545,32.667238165636356,31.000253352618316,37.003542290228175,156.56633696927074,379.79444459855864,Residential,West,1184.37
617.9921141734017,156.87908837833206,879.800991569512,3194.3101530192257,295.45526746085653,2.703002358433415,22.606011187820847,49.68824062875955,97.52041377965861,207.78299067055025,Residential,West,1164.7
515.4821751297496,152.67779459726233,1391.18725635467,1442.8705544907134,120.86021481882139,27.673625244208356,28.748431930581212,86.61102203070126,342.29646566957433,626.5244809426341,Residential,South,861.03
546.7553045077508,74.5560486920397,1042.5794956860302,1784.1636335939636,123.16698441526339,68.58203228735955,28.5004288797335,39.16171678051064,203.2087699779777,277.26302094178413,Industrial,West,1416.05
824.5594856130708,172.78950858333891,189.7727795231963,956.4016511030509,188.06300563077536,,22.75565994923544,36.16947263687496,388.05320226705305,301.01663193141997,Industrial,Central,1513.66
1185.3624200106206,250.14622943513885,1601.2557079133753,1567.7218006620635,158.53387200566644,0.23465971154795762,34.94003014605175,70.17911644563279,408.6252902601396,257.13908796178987,Residential,East,1654.36
409.5607380095828,196.7120185291842,703.8966488503373,724.8780801446277,62.83473439083346,20.797377378682224,25.52214396738436,99.97087261725784,259.92713418391327,473.89159493694143,Industrial,Central,1356.37
630.6843036641163,322.7778548232662,1558.262027136055,2201.6084988324847,89.38631530897564,67.30677154020869,22.03624937721882,21.79512829823033,430.3144848591272,372.927428346542,Residential,West,1418.24
365.99360198902485,140.34590990303195,692.2683510831536,589.3045166187752,204.14738742336203,28.363510432040627,31.264399897600967,73.09545818677327,239.89532244983488,87.57168049752985,Industrial,South,1188.47
520.0753533073466,140.24962275730022,618.8192629349594,1227.0594532981563,160.14702137306557,14.170285405361549,27.272477885773213,57.42598491146965,239.70473601140202,287.84606892673,Transport,South,1034.84
562.4058289652525,104.75784505452737,1010.5516426027914,1987.960781211276,296.8164978551377,8.193609822352322,29.042141563295274,46.95557412778331,222.54383862657156,421.92326543121,Industrial,West,1859.93
715.4612579454011,425.51529892096414,1971.377333938858,1683.0181198925452,147.84867968588833,63.787899682455595,21.0766009990423,77.48728747370345,267.3146988371115,114.46442652572833,Industrial,South,2333.0
706.2695431153015,74.15164038592489,1371.8322747544398,2470.4034413773365,162.90111509423355,59.48598170283448,31.06208125820986,59.935269646864825,327.11371255682184,419.69016193635025,Industrial,South,1623.65
654.5840571747432,241.3688651665661,1061.1988691406004,1788.1604904957114,82.32268837659663,85.86135721496693,37.862141822622775,81.80300332372563,310.75259041661917,377.2297077703073,Residential,South,1112.21
794.0079083277374,252.67439658807945,1003.3436498917096,410.1750746005044,217.753446803654,31.483766724526475,20.685831351077685,76.94685502741748,356.45409303909526,166.28892102559743,Residential,West,1266.3
429.5757943672342,247.42136643702733,859.5408196409559,809.0991080510204,30.944557600512393,13.671861833555276,28.771044029947642,98.66070855411654,420.5130528875381,252.53773222731465,Residential,South,1035.78
718.1999652340198,109.5876091756959,1526.5956751551298,1924.4112867938939,134.23357271275492,79.91550886901845,23.073451523249936,82.97792636770416,358.57979397518056,137.84390711320472,Commercial,West,1300.02
915.2369840574163,81.85279864532947,1173.6142003859322,3732.2174798199976,165.3572621756684,98.8185924852333,40.448030297987316,16.01198176857372,633.6268289993535,209.37355097062937,Industrial,Central,2101.45
426.8702373020339,156.83349203157977,395.97843499032643,3326.3253200079153,142.90973479141752,36.03895406182187,33.19816239075125,80.16213659897129,337.86419925066633,250.37100047597306,Industrial,Central,1548.44
258.11802012488045,224.52027354033243,510.5083631125714,8590.491970628056,121.38049834470134,86.53496142399302,28.41053671514985,68.47328981871559,463.6436642015521,394.34837434688035,Transport,Central,1716.96
1024.313787421003,122.92756676224946,1077.7500357612655,1331.0771705169757,114.39694780536713,76.25454707608623,20.860662620652896,18.081131520425064,146.02606103517306,433.96293372705156,Residential,North,1056.02
372.094961113748,145.6562475732122,466.54503050805806,3126.812951522482,123.98046416372864,91.15852947587481,22.06971962611871,64.49403056662844,356.4872546164796,321.4626214510381,Industrial,East,1450.54
507.73156114624805,124.07387704202452,878.4984177833272,2988.4289548912056,68.44321961717468,42.437247658092936,30.731372528408944,77.57232405107855,309.1196680836213,244.63264067379157,Residential,South,863.43
903.4092112805985,178.76191876330995,1217.7701956129426,4904.114412266739,142.53774488827457,10.130150482382428,20.187539011412547,27.747506191994997,296.36941290028466,413.13720830914133,Residential,Central,1467.23
415.99033901297247,172.88195421972293,1013.8278512241972,4109.986781518278,82.83073169958908,11.835620636492871,20.34443077628966,49.14204831762191,551.1924774651006,301.5770216108671,Industrial,West,2052.33
992.5582811052416,350.90518633671604,429.99036894609327,2310.0234352776874,91.2604214826289,76.31984204580421,27.04415632583939,58.823765941951706,740.8238214043813,339.7744967814228,Transport,South,1867.5
472.13060990827535,226.945206899114,524.8679660867978,2810.3614623624167,64.12377535994837,,27.667083347717874,47.18374467362557,422.49410188092196,444.7989835664027,Industrial,East,1710.98
443.7186600454784,84.25393863891655,1028.3105392902216,2476.2349872422938,429.59754798120537,45.7016740937051,28.900157035971468,88.84043226561468,129.00452345114127,400.735795111923,Residential,West,1287.6
366.9306951397054,88.11646722198314,1872.377067621244,1875.4988094593502,137.49096551561016,5.957088923714593,24.802373510914432,25.201288488120657,253.6276679123245,338.59880243106784,Industrial,East,1586.25
474.2222570815016,243.47297701466405,794.4104626219672,2682.5203701078644,56.68484375546045,6.6706040359789665,31.600732730655427,79.43999973011694,158.86433444211434,372.73838115508045,Residential,East,1036.38
848.9829213966261,171.94528334965295,1236.8069891135947,2156.2151633217622,130.2663021142429,59.86003500624237,22.690926435117866,80.02820732842594,352.23444137553076,207.1719285540055,Transport,North,1633.31
507.7760317285122,413.0507748955481,1017.877827311112,2096.0167025396295,216.54096916776788,91.862435021497,30.133221767782207,50.32269648033933,398.29123031257683,192.28907349821253,Industrial,East,2330.54
1026.198534390735,412.46895107012233,607.0105244949117,5044.35841804188,141.7359301155819,39.95835137059165,28.070603393340626,58.55301927108817,139.70893269074,688.7181873465547,Residential,South,1600.86
666.9328251608174,104.42990854095507,1243.1963856696125,2339.437292020542,119.72719630391785,65.06198151991558,30.003245428142662,23.820620438165726,594.83530707728,186.60933727614346,Residential,Central,979.3
694.0098672149301,198.21209382097345,343.9257596741466,2035.1241999113236,79.15117127098213,54.20077689567715,32.90999025962769,27.564181490858857,182.34404529277006,447.08523734162713,Residential,Central,964.62
437.0154295995274,88.73593361639836,1202.448640959433,1718.2953982907557,141.8544389595198,88.97578444520616,24.723338274475594,57.84983308919059,389.95250122088225,242.79434073056248,Transport,West,1180.39
1094.1927415359905,241.45654314821573,1046.2056210544217,1617.2854858932324,178.32454799946646,83.23876116422353,23.694612340902857,30.221270464014243,589.0073929258347,392.9060774842989,Commercial,North,1844.0
918.5847221270665,375.57073083072936,635.221284130546,789.9394056995214,179.2945470365125,19.934856016940373,18.558031219242082,82.58188461657306,355.34216459037583,81.96904270775379,Industrial,Central,2269.47
906.9753925893239,184.58267202135858,487.72933586350496,1876.7590821793003,135.1280938056104,67.75430985597185,16.90498952038582,65.45962750438218,232.76830121177193,131.90814202001275,Industrial,South,1578.6
608.0780792253303,137.78124336401356,662.6560873176796,3850.935264344448,134.91379814143858,84.75031858095382,26.12012920965261,15.0920810563963,226.27276774353373,460.1110520107767,Commercial,East,1181.23
343.76654615576655,208.34383727736494,584.5692721378934,1303.0793133274578,234.36901650650674,93.0249381812539,26.46238559565193,42.20890015044775,359.69488960012416,107.40161121220677,Residential,Central,951.75
711.0603362317626,265.9791378687146,734.6553199284095,6392.3262619756215,222.15367688881432,58.9927140525222,21.569584380280865,87.258333823142,464.0664135112947,208.8398821603803,Transport,Central,2032.67
832.8051433163614,266.8568876306983,695.8571943605132,261.7191628106556,111.03863700673239,17.591123516051667,22.644501500657793,34.96996432302585,383.787635287454,560.421677191783,Residential,North,1362.14
836.5457507271979,138.58067136444035,635.0574293665907,2617.895472947034,284.0324050858145,55.82320840844456,34.61726928647964,74.77460998742556,223.8717901491576,434.22819694285187,Commercial,South,1340.39
786.3306180476346,121.30132613721784,336.2786382009678,2209.697868419782,57.27390367602083,66.58190116583506,31.379198901514066,18.44201241964329,305.69073514906773,235.88330369185417,Industrial,West,1492.47
771.6449912383964,192.93191221041252,452.64954971596813,4989.690815650398,138.21234270707478,27.248906152006747,20.691965626391884,93.74802885544372,209.27732997711635,187.04515711482813,Industrial,East,1788.47
471.00638693299385,143.41850062104743,1331.7995106125602,1201.5920646514992,145.31557946705078,97.30014821256897,24.788259744405476,50.441111320041436,208.14978779480748,603.1773230077997,Transport,South,1311.93
482.30003418979203,,644.0727944246229,717.0082953871594,76.6332165997931,22.932625130807395,29.030013458282017,54.24090720325744,202.83772208445666,196.00904300928562,Residential,East,982.47
368.75396032667237,142.52816638359477,741.370901944397,1657.2014432985525,50.37397250495898,91.13525217310384,23.867744878197293,61.28471181062526,274.87363528760613,332.43655330583545,Commercial,Central,780.64
1031.5370049840515,177.89144192231313,677.9390813759738,1479.7346072030086,,42.51807575246427,22.956523422972836,42.70891056401125,320.57681614217597,536.1960452854062,Commercial,South,1184.82
1449.7186424114761,205.77408073950554,1542.4292558539555,503.59198659173387,196.1993138037787,0.055416483290393614,25.308771081087343,75.27567710815855,337.83408486897883,361.6813726543053,Commercial,West,1895.62
2066.0713566151103,75.71798287999148,577.7516836767242,2047.8031547001067,199.0764653225376,54.32890733499786,32.45330442666237,11.312520913567983,374.5962535672395,536.8661842312343,Residential,West,1641.23
733.591617866461,126.7704432684794,557.5534217241003,1393.971948796296,173.47605863211697,62.828586591734656,32.907006512593696,24.598384088038983,230.02654255048395,230.85097451718696,Residential,Central,1066.43
772.5305689198717,404.05976911491496,1056.7440474593934,4433.120486971531,83.62552779820118,86.93633532082976,23.32276591103865,26.99388258491143,323.6754134007142,157.59019290003658,Residential,South,1367.87
619.4831209031169,260.47990337057007,909.9630983490761,2070.1623149299708,200.318428018069,54.05632384702634,29.302755473171555,67.1806165539517,342.0167103557851,401.0639433376308,Residential,South,1027.87
728.3621509647471,141.53802240043478,1070.093868217244,1091.9509663036217,86.80383741495378,9.412938215273158,26.967941235611246,90.15407331179156,529.3225007672462,506.99140171435954,Commercial,East,1375.66
415.1777876077686,241.94391771696752,1039.6669952754344,1900.0966455150533,142.50837499061709,92.68135593062779,21.958822537569745,15.72757673331999,142.07999264552572,373.1184891240591,Industrial,East,1543.18
613.6313772984757,302.4703391464049,1257.695546800761,2181.847048469816,123.58508153284892,56.53547909254733,25.514627433749784,86.72127399752065,162.40004931644637,172.83011587240821,Industrial,East,2070.38
445.5128705792146,153.08215152254385,424.0427833590475,2781.6643664303956,100.79257532216353,27.1531191972179,20.678829060011804,83.7562236177277,412.9226637031017,837.5755268688181,Commercial,West,1271.93
576.8444151403329,254.40317162142279,1011.337681028183,1963.238253775465,169.19876646185537,89.88586164884939,32.81527618576548,16.8963095945782,432.3006711691697,137.98128560036534,Commercial,West,1482.58
464.10061093817654,236.89858104479177,559.3313426978306,6200.050181601633,186.12972296123698,12.091347236703431,34.762360213276516,22.890558140102698,413.6967827033329,314.67604593660394,Residential,South,1386.27
833.0025623101253,89.556918011617,283.0051691886156,769.3760756036664,80.91737946280074,9.748283901336164,24.947134592129547,41.50407918074373,411.75717465791035,534.9866799980158,Commercial,West,1183.36
880.072806703606,153.51743691650472,1036.4520231975293,1377.4199405746629,127.36864641586564,53.50090938005817,23.754603437278433,20.320265291958563,149.1960567712282,299.1024686501499,Residential,South,870.47
761.7976510366415,355.46150775579514,1009.398217381625,1095.462617852829,181.29413523476754,62.48842278062096,32.272972188242875,78.24575215904352,689.3886059148253,404.2550459008459,Residential,East,1495.62
483.27882504011626,398.3787195035191,827.3071452226661,1528.2775485826935,22.35005853458653,51.09591673914732,33.08074470490009,55.3662382388039,502.63910402885057,102.51758891948734,Commercial,North,1369.77
355.80087205600046,261.5305558534482,1267.6285129069838,2356.955855631048,152.15447102380887,92.89920471124323,21.427942990537424,46.96881474578682,150.36796789296076,396.15185382767464,Commercial,South,1468.25
884.5057594660951,124.51139093858386,561.568843700673,2250.884713140232,183.18800310197673,26.282083472609752,26.25977665623675,75.24528627338123,287.3326646565378,167.22970400607184,Residential,Central,986.95
665.2952333640559,43.51949198208727,1112.8167837901624,2738.9550871732254,155.61637424166486,99.02350758760618,26.70530806064383,36.36058357578398,279.9506115033054,317.31567026736536,Commercial,East,1182.22
252.31054763229764,115.65699919403615,772.6448321828633,2061.8845933061302,159.38420207388165,1.934933444598741,23.146118631725404,88.43782736031946,310.0036652292733,135.64295038359435,Commercial,West,976.52
708.3778296312636,82.77870600966716,800.445956657996,2144.27433974022,118.98440602707541,11.853399466015269,28.92990847043724,68.85700648127275,263.7094254922846,415.56187533348725,Industrial,North,1493.73
775.1367399353388,368.3794227924807,306.0621120900592,2089.497933496014,176.93345157603196,18.567630602741204,23.500273324580245,41.18547808407027,189.1049562837806,370.06257383631527,Industrial,West,2341.54
296.93086390405233,59.27522011463044,1273.4358666732662,1428.2478807192315,61.81678729386235,7.957572705452664,24.298696273218123,58.58854212893769,344.7853795627386,315.2945928891724,Industrial,South,1059.37
839.5093794937673,90.95622506151084,991.7762393453563,1353.8421259055663,77.8153425159396,43.82178664290145,26.493286350824796,33.35036284849525,544.6595979300215,466.62213782849136,Residential,West,1184.62
320.8018708205115,190.94784531690635,1093.6763517924321,1079.041550844214,158.0057973675042,86.53721757121197,19.554688588873205,98.64826666855012,260.04328820628206,389.1719864086195,Industrial,Central,1575.35
458.1037588034198,171.33284458897893,523.9458580428096,2830.820609337872,177.22154630632355,82.07593268801304,16.717733650116784,49.20438939781406,373.25234806373163,133.02975818815935,Commercial,East,1088.06
321.9121233102619,346.8451140378998,940.0806385131275,315.9967835330549,217.2403587030102,74.47568560476171,31.591361833191634,90.70967374168383,314.08160864881546,460.01842763783463,Commercial,North,1417.62
434.9688768468801,229.70916394894394,771.8845210249507,2113.587802326758,263.0540032352413,0.7409401935457693,23.298384554440766,98.02184115472059,411.6699442375483,392.26934059998666,Industrial,East,1928.61
357.37524678204875,159.3115753587318,1015.312975297317,3164.255461072286,84.25200454904726,86.57060267562281,37.674320415125194,58.22132139765096,301.5538819325013,186.579980909496,Commercial,North,924.98
1028.6149566455317,307.6796277199622,920.5333331070356,3688.654210683169,67.749119345375,39.64990919552148,36.8591896254183,75.69960130873137,242.4886500621679,292.20364531758855,Commercial,East,1727.73
592.8648071252112,139.4393223988758,1676.7729520588935,224.123887738554,193.95549284765926,73.1637754523879,24.46760689140472,61.50221082470875,266.708484029804,225.81255331329575,Industrial,North,1706.4
534.8231340376041,360.7215210912958,1443.297214313514,1459.8709206870615,98.46444730254937,72.69186844637285,38.69526497791313,18.241086950264958,535.2599425557693,734.175306241678,Transport,West,2085.85
1072.1689552440976,107.28894702560468,731.1237419493442,1126.8669933229448,121.47657076080094,17.752102721853614,31.687872646937883,95.71762473556187,332.02567885107834,155.95061127118245,Transport,South,1252.13
1047.5339962159499,26.874380158194878,1035.9001144309343,1375.2753427661125,184.2283014230907,51.53948475843259,23.77343098528462,51.09728059137382,327.1535823963434,231.73824386111886,Commercial,South,1119.09
555.0338459839044,168.16026329753794,702.7492310740355,4167.250617966858,138.07490027481347,92.61809589460742,14.090801300938628,90.46568112053765,527.8150609177633,281.60702443054896,Commercial,North,1326.75
755.1194286415327,47.88253681460206,1252.4786643395096,1132.1976653903098,174.15773115407148,26.304863008187994,30.440775688001633,69.00448113447055,571.106968434347,309.9479801136922,Industrial,Central,1658.28
501.1308013187848,268.19094912520103,787.0057899872422,3159.614524772675,79.94117010827779,71.50278480015348,27.156479374405727,19.467180193070703,99.24709942584913,235.98162411824683,Residential,Central,998.74
634.9049017358241,185.54667639455033,657.676893348331,2132.941822525266,146.22002283032504,95.80510392938707,29.156807928718493,47.53476738696818,164.3951029957633,305.5971809394346,Industrial,Central,1582.08
389.74383093118036,361.1976313843568,934.1741438591114,1333.4778814841043,144.6801574886111,36.06311756293924,25.855819117477754,27.626333922623775,459.7381488853977,373.7205321012789,Commercial,North,1549.07
804.7589337277633,150.65074752337128,1393.3550614808007,1238.256513547187,215.34436716690453,38.763367269165215,21.28071534700568,25.287387803880385,338.96593224501567,196.9988134942629,Residential,South,1075.81
1091.1163431941186,75.0677277860588,1295.7825957929542,2278.6398139305675,239.19016772856028,45.256250920857354,24.86486667789413,74.35798693150548,572.0716767688805,236.1831067809793,Residential,Central,1151.49
1005.5740538195348,215.2529251967845,675.6591410037084,1831.997056991296,97.31210679180387,80.90392416694438,30.5331864297252,12.701798858931545,142.48896205445755,653.7109718120157,Industrial,East,1926.86
679.4942029424664,128.7637861976874,1610.4411709837773,472.62917402689925,72.24062136823578,43.92847217361609,25.228123163128945,96.95265120045813,360.96100688895893,42.55733180850626,Residential,North,999.91
239.25744636859488,,539.3304813151985,942.1687410431006,179.29652240577425,48.62459560073753,25.197910713286962,50.49310383514759,421.12011047998783,465.2864524523795,Residential,North,1048.2
490.1543526355863,108.52982857637848,620.2806606150411,2316.619474407251,47.58338497315205,22.23174897702772,19.40306455971177,54.07819129528587,281.99996465150855,459.7122506646384,Residential,South,940.12
634.5397077296011,329.63203228002084,1228.9477678114174,741.4073713424887,185.58200530299962,98.83450653521906,27.456002408891376,36.94860063740391,448.0554439222236,129.3736139123447,Residential,Central,1327.58
334.14672268232334,177.8275585289711,284.09886243328265,3440.509957741737,192.7723037454909,89.23541539698982,21.440340292562354,17.70544655311853,463.69189860462245,706.7800686914868,Residential,North,1091.34
305.100080503264,159.63028288253656,843.8771240395864,576.3258862192068,93.22038736005635,60.02543130284575,31.592630998490563,62.94184105253543,315.7837238023388,276.0328081032072,Industrial,Central,1286.74
1224.6187642692726,318.86086442632757,729.6681021112685,1596.4317661040393,25.736238292158426,96.05600714599187,23.32949549884909,41.027904865488516,306.0639026627342,485.77808549316757,Residential,West,1671.15
953.2610780957509,270.1476328550513,1652.6561146454321,2885.763475911733,202.95524849665694,68.699776674738,25.521479547521217,66.16653544399752,483.739012294576,318.90928124102606,Industrial,Central,2568.4
832.6920574608303,116.75706887305245,492.05597237455714,885.3704414996429,247.52522769478554,95.91056325191629,37.819917828721856,60.01928270266184,357.8971541198335,100.93050005843325,Transport,Central,1162.04
904.1435452215236,266.3131020219628,519.1610657272088,701.164578346983,239.15680801950055,16.153586673962973,25.46712888649706,29.52197621284552,408.3225624910535,242.4902514787167,Commercial,South,1514.41
363.2737537330442,239.66122510737318,1754.5213327260647,2564.397879532888,243.03346576899517,22.54574069030808,24.79712591933462,51.548853016686564,357.06684997473286,468.76381952884975,Residential,Central,1290.87
427.8919961379179,164.28002432345235,733.6127456577861,3222.058602139275,59.173407329577294,88.51824636383941,29.928109929494653,37.72567084506268,349.06689460649875,475.54743702897315,Industrial,North,1386.93
734.58949706503,255.8050170460741,1369.1613936736787,1675.682453761608,129.3282582666273,41.987439162662056,18.073690988871736,31.575167310354814,305.724882132755,325.67167421195495,Residential,South,1359.15
760.6310331466299,328.9101578072616,679.3169613500016,1432.0474195515908,144.2132548111252,37.11577041025681,33.25404660889263,79.2733923367212,420.3349060983755,152.76402942538874,Commercial,South,1624.73
324.2162280904822,166.7735074876111,608.2735650333595,557.2566271354693,133.3222573087393,75.43353563840107,31.969700217277975,11.071593279928747,220.67876433167086,492.7054643638304,Transport,North,1050.66
711.1631469083328,167.06491442666714,1399.4536006981016,2008.3012525193371,175.0620214741361,63.03256601693597,29.622258724373626,34.19945727626124,145.9874702162518,196.83832224225665,Transport,North,1494.1
639.8977145978921,162.4264239036321,1945.3167908884454,407.6831598734645,69.70073739705511,34.407159976724266,10.114512532618452,57.79771153047889,326.864176255851,317.4623849109655,Industrial,North,1795.77
991.2478645290332,114.22016292076394,1447.314772227142,4202.6256642132075,46.77767774172829,39.78605875527269,25.702941507621116,52.853138958741205,575.9461011888169,385.38891205301036,Residential,North,1285.83
762.321448821956,165.88797944308422,658.9671274035442,1731.7063471039107,38.149201592898244,40.838375830015416,20.635668869973337,94.61487942276057,358.137469193772,404.3364208674607,Industrial,South,1485.48
1287.4719930279366,156.54515004570416,827.0360078925074,957.0750670427991,205.1074556796709,12.633132806904424,32.6205339197977,85.92917331315196,293.04490281152533,378.48849268867235,Industrial,North,2198.78
556.5041076006723,151.87554120206107,530.5998435342426,1229.5704425043423,58.778251054574206,22.955392947017838,32.26280543628006,77.64423644694318,276.0133403490506,180.27926317030168,Commercial,North,974.94
375.55941692440115,150.69685416322966,574.5517643731566,2110.590806740034,132.87653955701333,53.75302816025037,28.940049449153868,56.26703199433234,267.6874514651327,230.76934970994012,Industrial,Central,1202.66
1272.1354181195077,90.81905019520178,560.5879141684326,1381.1593009001679,90.89529190002062,78.18271522784995,20.984444014299935,48.60160591457191,74.06043685525349,177.46494341930998,Residential,North,1050.14
780.272702289526,283.49974647513335,686.9880128601999,1886.8859292647387,93.15032018118438,41.904828442922096,34.47147105262465,13.291261172091602,540.4637857814768,420.3786826232117,Residential,North,1488.71
641.6303783986991,126.66308712714437,887.817237667319,854.493014812802,112.91014404227985,38.33527995859591,25.688694304902562,83.9501424674937,255.21355802916318,391.46587478280514,Commercial,North,1123.07
435.73898132482026,338.00337800113283,842.4989480503507,3733.566063466663,95.34801094420584,65.05161535305172,36.02685533450283,48.76416137459009,329.6183056134148,193.94147348430064,Residential,North,1323.19
559.5495844830094,101.86662626151443,1150.5278422612448,1248.56047815461,46.84523172160565,15.72538638802129,28.32693533431324,38.88706525503905,285.127583996873,451.96516040519566,Residential,East,940.4
545.7678344832793,375.82458825653475,908.9388828251521,299.6488120974123,112.95489805821592,38.07503244171031,29.53404009458324,64.59709419498535,235.49605628811113,450.6678377878428,Industrial,Central,2014.06
367.2982141765493,142.9966729717037,1101.935468753623,1466.2568088559867,80.89392652527692,20.813623619699385,24.69847807718735,77.87240370097685,552.7546551302856,526.7251873455749,Transport,West,1595.02
200.4198435265812,267.90674690978943,1179.7188981528736,1113.7086609079008,78.6816148099786,65.16462343279147,34.03477788890905,57.074618847946226,193.23713370547247,384.5617738939905,Commercial,East,1038.51
539.747095458603,184.6403045694602,664.4858184514941,3582.402189197226,282.60400699245804,11.23640149160774,30.042169421468042,23.46248579278525,426.76760121789187,397.0761707532703,Industrial,North,2229.36
914.4439486480655,83.85426620170769,779.6055844891997,960.7728138973683,53.488367245399694,44.78228196024428,34.214458462573106,92.94818236336404,156.97545844534906,239.78990555778952,Transport,West,1228.51
1132.6071690011217,86.398198484069,2828.987842486222,1367.521258406773,110.14005678941558,59.61820570924085,27.8877059927352,20.15645409337417,306.92120801984044,270.75584360391804,Residential,North,1298.55
1008.5062389249923,121.07936366805828,638.7942319421817,2149.183272491936,138.79325946468882,83.36754428782402,26.764806703721003,97.26144683470693,518.4929160756705,501.4166523508734,Commercial,West,1707.29
1034.6454899972573,138.77822601732314,1129.964713413684,2750.187081503843,282.75998348570636,72.45512764261049,29.975650814494056,49.822939173759785,262.54884062298186,213.2156103476695,Commercial,East,1812.35
389.0316439163029,169.48236364139487,438.93704285080275,4372.3376152386345,65.56599675323997,94.28631210138629,34.21270254545604,95.19608748036471,410.04546265269937,184.77658522333374,Residential,Central,904.89
740.8525959964925,204.77601296860243,1194.8422834638236,1021.694303839766,232.9561076817304,67.98784072529453,32.08367153619586,92.31847837641334,257.04128645690594,399.1265554803576,Industrial,South,1937.06
835.5963835930419,158.2687781028419,589.708312133556,4079.6475193097635,112.51816531551397,34.91896349001799,27.691119035771365,46.564053894123724,281.60185474186835,90.85347371811677,Commercial,West,1344.5
859.4886953234874,199.3159670839502,856.3286708670679,3497.8267360880545,114.70022392126133,23.1723882514422,17.7139074618605,82.00227614728604,451.99942673241924,206.54233102392865,Commercial,East,1492.73
635.0807618380601,215.71396319856575,402.0389735119115,1101.3837141208078,169.9226398629768,5.658240365884026,31.051930196856617,18.079527864408902,414.1329707236297,536.9037095222701,Residential,East,1064.59
700.2445431867922,154.65331634708932,817.2997050640316,1006.2235475297186,251.16939628536787,27.758761670996655,19.80647601273004,17.446084234462006,578.7385817881063,590.6853044015837,Residential,Central,1123.04
1496.3111819869937,,825.0200158903176,2453.8982860880196,94.94847201347424,13.684868884670076,27.175028780761693,42.036094334922055,262.04481660279714,476.20616644620634,Transport,West,2385.81
995.1905614569469,264.07654009773773,766.1507818407431,1856.8781774505292,144.09549991053925,36.922477774168186,26.421169063147126,64.88065901288516,380.14263537473255,310.141478222717,Residential,East,1382.02
822.1299811278338,218.46412673430413,1019.7173599536106,2449.8094507008373,134.14113723624905,70.25781392526055,19.911157584671933,10.83889628375365,338.08611705990984,185.4502131448226,Residential,East,1216.66
890.2191062127347,224.65616436712267,1346.3872670800038,1498.9767798329558,130.83830925821212,69.20340242131459,28.862515449369166,56.365761250877625,384.8700395103143,133.25580507150337,Residential,West,1285.55
528.0677863407773,190.49572182331082,517.9646899240983,1982.5576194970429,184.64921364913982,31.816642936394203,37.771588701036386,97.80822133736861,500.7935895274351,249.35545556511317,Commercial,South,1270.47
869.4183085591962,295.6566222768399,774.8377702823626,1739.2278950883763,84.0249057152745,50.85523706160879,25.4369723441004,87.26008857401762,240.91305246424088,134.6495901926328,Commercial,North,1361.45
696.0348138493629,171.48049611568052,416.82641825191905,2428.5294540433156,102.04272394043747,21.677156980179912,30.82939831206565,30.92235577770242,373.4145827085113,637.8086010499366,Commercial,East,1247.24
950.6915319704959,122.25048236814,321.03313169423495,980.1781091081281,47.638193898958356,50.29767185340182,38.77844919371054,57.52618857370674,549.8957812519357,692.3314652338956,Residential,North,1005.31
470.930119235699,174.0762570663733,903.6479611897403,2084.127247645512,163.21227867336643,51.008187623011416,31.31306609504437,25.42678922050102,338.24154109658855,242.60340425500425,Residential,North,1181.46
916.4462975864282,84.68335825125365,498.46219158967057,4318.478887108647,127.73391172690908,30.129683891840187,23.77578346171136,33.69341326266989,450.5007074410674,258.3332223747459,Industrial,East,1622.67
563.1274312170742,78.95944116422376,838.8709389592526,4168.905701250026,248.04000061315486,25.94677962405897,28.18507398061374,93.07007546295472,122.32716998910283,437.59148721632727,Industrial,West,1736.4
918.3191637670974,264.6978768725136,920.1211408848663,2243.8688705416403,64.73782067389254,97.95744639816819,29.403900915546576,99.80003212849125,345.0998671400237,121.0799376987309,Industrial,West,1909.3
743.012703884112,340.70220905657226,351.0733823230786,965.0136671065723,300.48429764131356,53.712351109875364,34.16906566636981,31.830488930606208,269.0458092704195,262.08946109067347,Industrial,South,2006.34
672.9231172877395,145.3289092378904,983.3736736588606,5587.544476778224,177.02261494902962,56.2076631577316,33.07025170319043,29.08610857070809,89.03210719309642,297.00129203388036,Industrial,East,1869.47
577.4605687704612,265.94301281147176,1317.4733066869453,2429.0428266595654,26.1182516056162,0.779409036806189,13.150581907577163,44.54733919074167,411.30046833515456,136.9091684467835,Residential,North,1316.47
642.9011529835453,61.158747499254105,1083.8566574432195,5258.2648441370175,173.17047007565088,18.184078163545013,22.718977239019118,50.127078011684056,374.4906693664738,178.23762875400618,Commercial,West,1370.82
540.3429039777504,54.98709318327248,524.073941901126,2493.4808345500337,89.70151337769087,35.66219618200228,26.649866386931993,18.03238008677993,221.8614506152131,215.45740174018727,Commercial,South,739.67
571.8784106422795,299.74012077867434,814.592222037063,197.9390526861359,107.54819473489349,96.59807425187687,21.923564687311526,23.29377975436546,165.8411844664299,485.30706434521653,Residential,West,1165.57
812.3107167139752,218.80562070830953,856.4371756259219,5565.743916877022,98.17153992184384,17.52417342870576,8.499542204546792,48.234454068125,700.4022230635841,581.6935321513374,Industrial,Central,2353.84
274.29052433278895,171.83306777368628,781.6452473341903,3196.3684273041204,225.826318260435,30.328971132686767,23.371907561246612,31.187851125983485,387.6833150538729,373.7032302246994,Commercial,West,1568.64
912.7461152826731,367.99833376213917,427.89364410901015,1933.2280476119256,43.18007050634704,99.01569937849793,26.981946962561693,86.04412925305577,383.56961555751957,285.5558537523761,Industrial,South,1922.83
919.571499223099,159.71777386377082,564.9337950135678,445.52545220914453,115.8896895033406,48.11086423358961,24.373576585942804,77.63919059285313,237.80921619864412,537.6737835512919,Transport,Central,1433.55
585.5470778862269,97.74448339365077,749.8383522634263,3415.2672451700087,121.02294970921018,31.840777547022647,22.015283724618296,58.27045877926542,285.5842209979134,453.2985246041367,Commercial,West,1304.02
708.52827112925,72.77597466363561,914.2616581238506,2478.2452012726644,96.31805747179497,63.43589204868201,27.207323123924144,48.936638716156125,552.5319190410816,796.7572565330823,Transport,West,1511.32
413.380572781693,174.00773770069299,636.8458635617022,6533.862638246063,74.04215224934755,49.630228451644385,28.71544087626065,84.78890228925921,341.34379610616037,108.89283891843766,Commercial,Central,1256.36
788.8763876026685,190.30523633595573,210.2152038030556,4943.692282836458,29.774423869903373,95.7449091641458,24.65701443017264,24.939580921656056,560.9367980185085,302.26727755302,Transport,Central,1444.18
438.6959767529885,154.74226751449356,301.70478065855826,5165.629548663876,116.89000464707661,8.319504799204525,33.85871911236836,89.86490729806893,388.2929629135614,221.8136406255353,Residential,North,1116.7
129.32285396279076,268.8640789172435,655.4790221597361,2204.992128448222,,79.05479205176613,27.28857207939738,14.416964503170814,507.07730683495663,120.2418485075039,Commercial,Central,1171.86
1113.2255676437842,322.69600020277414,1675.6450019967815,2140.6651467877705,127.81292323988289,27.9086378462985,22.642431651825596,93.10550156099463,117.60971789104218,303.924032059228,Commercial,West,1977.39
390.9441095782404,144.5061270307436,986.4067447432793,2496.1133572153217,74.08759480242536,80.66693309902317,21.37731338825083,22.492904712803906,231.75692029268356,756.0372739128633,Residential,South,767.9
636.5591421787751,61.08443351898809,902.4408153026086,1190.0563450522777,121.67578579793174,84.77203405828664,25.93515098370669,83.08891396334519,338.53626909651337,161.1358094956104,Commercial,South,1041.26
720.7017887493765,199.89304833118024,560.7786881951059,1971.4133298122558,249.53467635023236,84.92228580233984,32.56710326768727,11.624057055485235,296.4221674823705,943.8730763424497,Transport,West,1950.38
811.5058404086892,298.56109450702695,669.8054895405159,1713.9978959478794,86.05486496600759,86.6695698888422,22.881556454284333,83.35703533675809,412.4535866407082,458.65340042933644,Industrial,South,1772.8
662.4504309485435,144.84052993530563,289.69809939823176,4007.960049910775,137.45540582197785,71.81275067830907,29.979397419983506,62.56636958258966,165.97195682947935,548.38458878738,Residential,East,1006.9
749.3559606454206,224.6368680189097,542.4400440603795,4515.003686118213,147.42084514811086,14.240414671486024,27.472784550071562,11.713082583294664,167.61185328271065,546.3802391824585,Residential,West,1236.76
579.1613986737037,93.82329864871129,964.1073638700334,2941.327457627397,55.87347463107687,5.1902593498776906,36.96616484752339,79.6788783571822,405.6498980199828,374.7691776231363,Residential,West,1128.32
300.6707060142167,197.48231028298392,905.4927566439749,1049.1767261760594,104.88726639898789,34.07652437808578,28.951257318302847,19.140157094273675,497.4855043050456,241.1281107864741,Residential,Central,925.6
650.8324081709841,,608.4273686920449,5782.505285612608,105.54715082666092,49.506985861107744,23.5088688028707,58.591488331260834,284.8288385863636,134.12998928154113,Transport,North,1701.26
861.2471643503345,200.25303675270774,781.325140606755,3404.2479802515536,125.2165693356803,30.26209007395526,30.68184764382343,39.88035463934435,586.3146452412119,162.4360313191229,Commercial,South,1370.92
402.78139260211265,415.4258547580579,842.7616682953623,2385.7077754436873,222.04877394526142,74.2206933925596,30.85010995447985,78.32514351681898,646.6079994908633,399.8956771756923,Residential,Central,1535.17
724.0494012242985,338.6764073913657,624.0212572558063,2768.643070035212,63.39247482228523,72.24434777679247,25.014944938520927,86.78994145053854,323.40276156031655,246.48758658264813,Commercial,East,1583.08
1401.9823108869912,244.77499009305308,1012.0301419423931,651.2209570393471,228.96487049951122,97.19245011137444,21.18002147834995,51.78490309025997,280.28935723313714,173.50890538357532,Residential,South,1472.64
631.361852614207,284.86437031563804,898.0031104796597,1716.1643766303534,169.1871483716623,40.05730904994095,29.680175956132853,78.21461922012625,251.4446608002667,343.12080670503553,Residential,South,1273.74
646.2749929571343,196.7970787534532,681.3528151593823,4219.9945729838255,304.6666984764331,78.57276608097634,27.31757588382501,92.49624391933447,230.9643932745711,363.52096356832504,Industrial,South,1840.94
287.86816538675185,168.00867170571527,442.47960679970134,624.4287657716887,35.703446515649745,74.11999707403069,19.41724954131223,72.02804837268832,440.5021456245111,438.5948095273017,Industrial,East,1148.04
379.4365956712364,136.91221030957323,658.3350675045967,608.6741075139643,24.26367295887138,98.87495172422936,28.272604994953063,38.97914374847366,217.5628789906487,194.15840280005088,Transport,South,786.6
441.02830613714815,92.7124903315497,637.6953044718447,3417.693266391937,387.51218744311103,77.36152512093648,23.815035509893967,51.698087160013095,199.5373229484617,284.9898852908199,Industrial,West,1738.0
846.2724325425378,346.372323785036,607.7914916383218,2645.6733382759357,54.45615176459296,28.35745307020622,19.421989790687597,30.699796612057,226.10143316917978,197.25698543545917,Commercial,East,1380.47
416.3230310864132,423.44606263769253,358.82336622764996,630.8765245798746,77.0766471976431,1.5272399127733927,25.23941828305849,51.25675056482882,324.822743782772,147.31679539138898,Industrial,West,1871.95
237.07790839597368,176.1224052277413,1474.2051324338852,1611.183287555498,77.47133903794168,96.81661544787778,33.41459367103432,32.13014311517482,335.1279693049134,502.5092124286092,Transport,North,1464.79
781.5804048377462,177.6586277938249,1441.9112385308445,2385.7126984943607,65.786200093814,71.6069043844747,33.040307500440285,82.65247523717129,430.0214862227688,485.4244345759729,Industrial,West,2011.72
460.54007576561014,231.338610346004,768.4548733596853,2205.544086847208,165.13171435703384,81.26066279358483,31.733760510036838,64.89256845374277,311.43228675003866,111.34296049056594,Transport,Central,1421.01
293.7862320266774,160.09012668420553,912.3114848208218,2508.6128545286197,109.68356662494449,79.32441544287524,28.346164450460616,66.99213871475199,160.64313760719773,311.5929733289081,Industrial,North,1381.64
892.319734352224,99.28573340340057,1004.1498896812153,1528.9720716736492,83.79361947883282,73.57610899931692,29.978986016775497,19.923695962376268,274.5618497243798,539.2401021991063,Transport,South,1273.99
548.5910959939241,83.26285461986511,774.0651281575937,2279.6627434529587,276.8776511734637,75.14744685841754,27.49322290739001,10.131427679378671,328.49162176731534,446.3288308114221,Residential,West,1062.59
814.2147602413579,416.07250107997953,941.5185166865859,2938.012620606987,31.98492039590484,92.94581847738685,21.474745868927656,81.02679714077975,244.40909668065646,182.49778466787188,Industrial,West,2460.72
288.4932560732022,66.318834652518,1067.9054585481176,2796.7408461480777,201.09106444843343,91.41112819284737,22.472490505737827,58.807577415544806,373.919599025566,569.3738020061933,Commercial,West,1155.59
188.92206929409832,204.04521948649358,882.979853681524,1560.875802815524,119.55530827605031,37.922674583998294,23.964095372211478,93.83980373573364,92.80360144805505,539.5632059839248,Commercial,East,996.76
693.2579709750852,71.40513295022814,1151.5722027514398,3112.0993211858213,82.97646517549852,3.0961523632847876,34.00679538318165,58.35153150906477,310.1452425240748,357.2114870138016,Industrial,West,1737.13
372.71200713790176,164.13836397521848,598.0822084964545,960.3351963954916,88.5743152445369,3.86815934960667,32.383453655602224,29.321067188317446,540.7363968542671,263.1524979936238,Transport,West,1177.52
688.7752790150196,144.1274158777535,814.2128116492325,1229.415284789923,103.86382591353478,,21.600612183365875,72.86289267307029,491.2790240345512,181.025128808154,Transport,North,1428.18
695.5235124306954,78.12901034549009,2371.4994218992915,3414.712541261681,78.04920658858809,83.49795299004073,27.266955577081,73.08846822814803,346.344272421693,302.7255336092035,Residential,West,1183.88
655.75398762651,235.3235503863854,1270.5548971970088,3071.515614055172,185.27720461666823,84.76112266155218,24.98696428623636,15.897934374449546,333.71501611471945,610.6361643394516,Industrial,East,2129.19
1030.9740772701996,95.48816849803146,892.0543410847232,1659.019523711653,99.24915110348297,40.43895812299244,26.224497303496584,72.42858075889424,397.28463827284367,184.94071956388868,Industrial,North,1788.6
1927.6821965594966,72.28758867193747,518.6067926277312,1211.2838514522127,172.0207459297475,30.161162534796727,24.319785905238867,29.127540027197803,200.641944147814,637.9726878003185,Residential,East,1384.08
775.4099446909074,248.133160604282,833.2082679325949,1330.9307729595148,89.35117172478904,50.660144443154586,34.02845811403139,32.906855420727325,473.93399769297764,435.466343233174,Residential,East,1223.77
1401.3571528385437,144.45789933913647,1232.7860210163497,2857.5797377765293,136.22384274338816,83.25432068699375,26.905467315631824,12.827322663020258,578.5853719663544,302.59811792701566,Residential,North,1632.84
278.2067898848533,115.20027269556857,1120.8350222550648,2526.6147542235294,136.1942117992411,63.6496119677168,28.080784023006366,66.46350004955801,309.39458070932403,541.9737092179521,Industrial,Central,1372.18
555.56249125913,255.65025792378518,315.09837446075994,1156.7314652222924,124.57140184426191,13.980581365953482,28.121291030666615,75.85564541189571,346.1856705726224,297.921340672101,Commercial,South,1222.92
337.7873369936404,92.8255883806628,365.79872588447006,3058.185914631725,232.58868534213687,36.223394365855775,21.8611491251949,30.744249683545284,432.56983715396177,274.0034551305421,Transport,South,1225.5
475.4719958106626,62.08083667904643,374.5136104115942,1609.4302989119042,244.27391140694382,55.542591519153795,27.542768489202636,81.32850389377687,234.00920174186103,491.5160561880606,Commercial,East,1109.97
571.1235064584355,312.16728049522885,1011.3170564577091,984.8670614642799,180.38178752353133,53.8262431287172,32.311584108934206,78.58281575265922,586.7693691971303,43.960016189880605,Transport,Central,1966.12
1454.9030603059164,387.4272167919093,377.1101691142976,1429.3813353511491,209.46067071196848,83.06340200887075,34.36345492740353,46.878958735250556,693.2293835340968,309.30204741069696,Commercial,West,2239.36
672.8740468128693,161.9191483487178,507.61526155190023,2071.6206758520525,175.45380046589509,93.2171763840657,21.26092516140279,16.14026459850526,411.65296774233923,298.38240615585397,Industrial,West,1659.99
1048.1602463351423,25.23283761502855,761.2540902476173,2991.2255043823125,95.45472693933316,10.046309417525578,19.406993813056356,35.21667947254101,607.3344117352618,218.9395371442372,Residential,South,1070.38
534.0113466089417,160.8148035820656,1323.7486923283964,2871.4719728137457,114.487019736067,22.44075903458883,27.31067290020761,24.888623403618837,188.54434002538457,271.03074029189645,Commercial,Central,1309.92
503.68109297355926,262.86539275584994,1032.914389985647,1823.2528543636902,35.865152186839055,39.21569106394216,32.54593787867517,96.29364134144636,368.4585759397894,676.8156170805845,Industrial,Central,1814.45
282.29132376848463,296.8448762728915,719.5669501253059,2233.7300472908178,71.11915199302555,29.639808145102787,28.79798227141844,83.59698377616513,125.22415032477384,65.79588386799412,Transport,East,1351.96
1433.6590891762448,98.69123278396246,1166.1816812510795,1718.2663642067648,54.68072900109842,40.82904949584428,30.401480380399025,17.05388242817894,274.59433481425424,181.85410161010873,Industrial,East,2144.19
1202.6495444546065,148.13715579814314,1894.4625985612754,1158.2377052195006,82.56474860589134,4.072122861523198,20.19875489546739,56.21140263184808,277.3932142299915,200.90386513576985,Residential,North,1368.09
727.443939467133,196.12561706065242,836.6024367508016,1869.3893370159449,141.80382431064928,6.6013270162815,24.140062578650028,34.01976966181568,246.45594772268933,286.01936442757074,Commercial,West,1490.82
586.841731574046,255.41071401471015,429.57976758181655,442.3222982456618,93.57113305488703,83.83614779370744,16.019438471035492,12.890617885648794,190.11335152856438,261.79908793689424,Residential,Central,1034.28
684.6137537727312,242.15138065305987,516.3112297775405,4567.475022825772,189.7616086010179,10.258178411188702,26.287559753770207,39.00711438002533,409.6876830105824,334.49362770520315,Residential,East,1604.66
330.8653952069193,223.20291216797904,513.9418526381103,2196.2684242171235,72.70653953550227,82.40751119947495,16.178902795783642,21.48267644325938,225.64942953137384,85.9423546405394,Industrial,East,1297.21
813.5216896944673,296.46691539166596,570.8435200233558,2589.903609045756,167.97273121536293,30.651200180303505,33.66330850920239,30.04588188819689,409.8775364461214,331.8304946360629,Industrial,East,2364.27
1158.0853668855436,167.88141238692853,696.2744380496616,1195.1211713108933,69.0909052248298,30.92233698888558,34.77410733954467,39.38864157356673,319.2068995645752,674.1662344289459,Industrial,North,1982.36
1184.245447033988,347.93192092721023,926.3543295340751,2184.164922018663,224.3636485886785,10.074702812680714,27.703217460308828,46.80014051330531,377.95720824477564,309.1271105814252,Transport,West,2491.08
288.5617143715713,128.92259683259005,396.9034795418476,2423.4935868232246,72.61945600765264,1.3263381483498704,19.43713446161035,52.15982078739808,257.3113109024938,266.7158045923205,Industrial,West,1192.86
1043.8209920228817,244.02718252442935,434.5094563405765,1663.3503081510892,155.60652776181036,35.52886084453852,28.878563269565884,56.81775442297504,317.8265372467797,289.94626037178296,Industrial,Central,1861.98
332.0069392544436,138.78973685436816,1063.6572655942032,1724.0818842273115,83.87847621903187,83.53569062939832,36.29566279230471,43.300068799898135,747.8621678016423,248.04597648789223,Residential,Central,806.84
196.6538244926261,163.13647583738296,639.1033896795057,734.8110424733482,262.70160967990176,91.99554645380618,29.378677498434637,54.851463186330434,372.4560435580867,435.304625576484,Residential,East,964.17
1061.4586153636808,176.371025240704,540.4774243441468,5464.127609194758,257.2204231983425,6.158555613032957,32.9249199524546,47.60726134767583,587.5146156051816,359.49157088418764,Industrial,Central,2568.4
513.756384604596,134.7205700557074,733.0803993926429,1182.6435565473862,152.93127040701842,3.090806380560873,24.5741734415189,96.79950798372586,574.0052640119851,346.89582876337175,Transport,East,1309.58
994.6949117661591,302.8363943115888,1426.0321308959954,1293.8651934954835,151.3945425035331,15.880062013033347,22.64394976083308,16.087678353598193,869.6860457058882,541.9262685654112,Residential,West,1965.5
955.0445650471373,142.32245623715582,1129.0304653063563,4743.700509852199,182.73354059423042,76.62898086856958,26.645689954186754,62.73562064036944,173.84343392895693,437.6253665733036,Commercial,West,1569.55
901.0023990415037,171.80939409977142,1094.5481540391074,2666.259152568229,166.5412390356936,20.488276602347476,17.366473225296353,27.428245424252108,573.2616604393801,65.86112412610044,Industrial,Central,2055.5
680.7795569893557,230.02150602144985,1646.7635480665692,3006.432312282151,195.13185325166756,23.081037439446593,38.32044280656972,43.789406792915116,317.73297454506803,245.17279502625343,Residential,West,1489.69
350.98639295954297,504.56369271735593,946.2030760906118,697.2754118714954,71.6867194226258,88.89426978912893,27.698250232402465,59.18192288982227,277.22498508241733,142.82937279581813,Commercial,North,1601.56
571.7000707901607,234.17775553111753,1714.6695061587313,2166.760374562476,124.58846706655858,87.49490387585347,31.33386477183504,78.38285026804195,203.62669241863097,197.1122835924694,Transport,North,1765.09
1193.1414309888858,179.513585675198,1776.7371819929926,703.8927696403175,87.32671357220457,67.02892194201688,24.692457358018967,97.99580006098084,174.4715820627181,221.10684630308842,Industrial,East,2099.49
1006.2363278194175,55.93810815509517,403.28184438999347,1060.4272881545096,255.2377212663379,16.401378048147897,19.284568150708562,54.42594968386333,404.7395481726726,193.42560232529664,Residential,East,1113.19
585.8058850824399,160.92235813901175,347.71929225647864,5937.995282157221,59.97823884101998,38.11491896515719,34.12907415340438,33.12812043739254,171.37913692225797,447.5116342881962,Transport,West,1580.31
582.4149784163343,122.40056176228751,497.49435235436493,920.979361482601,277.82904066493876,23.61774061591052,21.37949859361684,81.24176963203087,412.2220248437497,411.1077958973237,Residential,East,951.52
865.1185561155474,147.12445718301865,1362.723800350064,2918.934994788881,125.755820572139,67.18455818431288,28.74419381784621,29.94152048626359,102.8417515977007,244.6036005368302,Transport,East,1646.61
703.4116299453266,137.2870940362836,740.0026723624902,987.376003830065,196.64907526401865,77.99310541806278,29.215424056597264,55.705660499599176,211.69562989674398,403.31441692901035,Residential,Central,893.72
600.0412685919431,228.88525254868543,697.8580126881512,1078.152818908674,93.12763547676741,14.213372201755558,27.369756518394418,86.20401678846066,297.1167320571357,377.2212174255659,Commercial,South,1171.14
832.7223047502168,159.18037112399824,1180.258675749907,8105.96842415005,57.03144655478464,89.79558329070188,23.077078819089007,46.341865806469215,334.62982649563094,322.28908738529043,Commercial,East,1572.41
820.2805186142024,107.27860768517932,623.8919322418518,1829.388001519426,250.16148605395927,46.282590718383666,26.251838814868844,60.12799899701274,217.0675855236964,280.6278171119873,Residential,East,1104.32
481.80080760243027,268.2908184895428,891.5910920779289,656.8255482411369,159.94311335134333,79.50058544949484,22.2497458697881,20.759501716637068,182.37926800545404,109.3331763966278,Transport,East,1317.49
767.2772567750449,87.50531243547603,1063.4279355773099,2995.5408910675274,63.19543084123996,5.163760854196231,31.04588846279469,15.037099612563493,282.3553745484392,470.774131886467,Residential,Central,1007.81
797.874130914255,175.37904125422327,519.7300747960841,4039.4856337380616,117.1665950121259,36.05811870194376,29.85773463749107,98.76542236598982,249.21413389046512,298.1925890480383,Residential,Central,1296.2
657.1448955493554,161.51379502706868,462.5980712448403,3166.982875985974,112.52311814136465,1.4780947697325186,26.892987834510514,26.10061228971491,263.74679968805924,341.60188493001124,Residential,East,926.93
457.11814874526686,207.01581743221232,834.4592904082427,1724.624011966666,157.1153872436633,71.84847314356495,24.158242641524847,40.19941332597236,421.38664294023056,329.76977548668265,Industrial,East,1692.21
563.370082955112,297.98978378805435,883.3015815778967,1763.482805705459,71.50351045800407,7.945097023118519,37.53658949891008,55.42163984567652,533.3851993344073,225.57728017996055,Industrial,East,1926.59
412.6216629397667,542.9947776573676,1139.4837085408471,1351.3300973641444,62.36429491570121,33.828579102644454,20.48968006923332,43.70244473776677,275.1650939090343,218.92559659914926,Transport,North,2139.84
776.7308704408692,179.45415807380692,491.3769662618998,838.5812345717195,133.42816164347062,78.17486806388067,19.27693451569579,18.760515402175173,421.57205736451357,270.85828031937695,Residential,East,944.65
289.4300456790913,121.35042023342588,579.2650660745583,2394.647160598171,73.90162669492942,74.89664784329139,26.589970096859883,27.72227115084727,252.7375557425265,443.53382333319615,Commercial,South,812.01
1248.364178170257,115.24305390877599,1768.7083704385557,1668.0337743312366,254.10714192093232,64.02896203728426,25.709763367145467,54.41029011129784,243.7950629333056,285.6498118120675,Residential,North,1356.44
1133.6924505874222,114.95965023410591,1257.7407299639112,712.4324035131278,187.20025028370083,69.40206388413888,32.48791227377191,49.49214182308805,281.58400292261246,98.16519048626786,Commercial,North,1541.39
806.4705520827576,203.25427652388822,772.0562217870752,1859.3742740129883,184.42920036980422,65.12313251035728,30.23058227473336,81.83744593980211,498.80458234029965,358.6847097766943,Transport,East,1753.57
979.8682120732784,48.40538551756378,1347.9186673483446,1187.8111965565624,35.33901805463017,64.12759590068303,27.147627934910197,38.06091615279658,152.90782801481194,231.04973910447558,Industrial,North,1425.43
950.6688965440559,84.57080788541593,492.2910129782987,2315.3178262148463,95.18588210458645,34.96546400413997,29.501688914097365,94.62836082041213,142.53785790904695,192.28905229122648,Commercial,West,1223.5
708.3553324455015,203.34836273073773,731.2072960735303,2171.347612930054,105.98552369057391,2.816570407685559,29.41082874124829,35.45293214351548,636.5861016733331,422.66669755833385,Commercial,East,1370.76
607.8467875589366,274.8679762123617,150.2189940163846,1513.3629888290302,,44.182584981577996,37.51778360090975,39.81687919941743,213.95146615497643,421.1780174875926,Transport,South,1259.2
576.0320832054226,275.6708065776465,879.8935974687013,1917.8065610157782,166.8544943048993,4.545965159034471,28.26681695247717,95.43819963247003,299.06218902902873,323.6985968631072,Commercial,West,1618.46
1269.1068767003294,183.7352438852049,692.8982063911162,2027.069210924348,155.5847655063422,46.88673951236419,23.59461433660253,85.64350398953216,262.7448187479466,260.8085726222169,Residential,East,1163.92
449.18031168554376,257.5806278808288,704.3302993366092,3414.0811483032417,180.66609091009246,46.407897672975665,27.992505499141053,38.527116929497126,580.8188788209857,236.17382367829697,Commercial,West,1449.82
453.4783471800549,300.5480419715859,1113.8313384468593,1872.1805831625823,207.36808876659376,17.872153726381924,13.906602933648793,45.57562219910519,496.59789607637794,143.86606542998717,Residential,West,1342.53
1018.5206551822428,141.2154445526913,1265.65506129169,1374.1472484309074,202.1025064217971,78.42616303691861,26.83676229289819,85.80342477871595,181.43059300587421,66.553306260755,Residential,North,1104.75
975.6473160847669,285.58809035385434,658.7933931424178,1617.1513854911557,404.26903971117144,70.42093419104312,32.46491235552994,17.74804907924574,335.9350714650531,245.04725794237916,Residential,South,1455.65
591.4200296036728,68.9311371443383,414.5336693165157,5219.642020197365,122.4771183382984,55.953954070094426,30.010920594352108,36.52086799513906,374.82398551924354,247.9017799048536,Commercial,East,1168.42
845.3428054607374,83.24345621203976,371.711487389593,1014.0150876476341,111.61528396255798,92.59085801216872,28.492780218228372,57.84004880762865,416.2663318554399,601.1959191475877,Industrial,Central,1519.06
895.3252028722005,145.62412034139845,274.16274591220093,1688.966774259978,165.75082771248876,28.718711321021082,30.24619577785247,84.60137592030695,117.92149906079732,185.00349761636846,Residential,North,1192.46
342.32722673831074,63.84927212676324,1634.2225942750863,1672.093699074634,225.96167275256786,26.20322214649935,32.51628272438858,60.81550066178854,142.35260365209854,540.721155377854,Commercial,North,1198.95
1166.4423158551458,230.7398187341498,1115.9293927085394,1719.7588687263496,47.06951982949372,18.3435815552389,34.12616703649094,54.08009625226439,429.41239873792983,226.64624802791622,Transport,Central,1842.84
895.1844832176427,130.39719974724593,1007.1141158540931,507.09974968946807,79.74242559529941,54.443978778169985,29.237279501447293,96.59058117878477,169.03180008945233,321.7139848457989,Industrial,Central,1518.66
813.2256989049429,162.39200134266025,618.8412161129698,816.3285741974776,90.19694467936728,20.53571826985805,25.419442827436544,20.476935473583232,372.02815251055983,355.6092389003414,Commercial,North,1261.57
898.3069835152326,165.47790644012508,617.1534254521159,1611.1890088890357,129.0137341000801,86.88955784016181,15.432390047201121,80.20593331137749,186.21367910023332,380.35377720657124,Residential,East,1090.85
769.469841454303,143.72687560251322,1284.305570424457,1326.1223449299066,95.48561916657523,30.43097704838039,31.890867135038647,21.433137177279427,146.93025849019008,211.47195019143334,Transport,West,1534.88
639.8154821697681,,348.56548304013063,2308.5940682381083,209.0153415540776,49.093101023606046,29.576012568019515,75.95446957335388,210.41333803240872,257.12392274807905,Residential,North,1063.76
231.0229190161353,225.2609414608153,672.1841787529837,3714.964417123301,138.493629111797,52.95107649301624,27.763297437579002,58.87806567064495,313.6280522403589,305.5448935227659,Residential,South,1017.2
711.2330004264671,128.94868349458832,1367.4851466534144,2423.4443080513925,116.44350064861162,30.764654743549848,23.559742524028813,33.81815896935196,364.66591027720466,212.16448927503936,Transport,South,1522.49
326.5580248749432,164.36005074334219,671.6249868864871,2075.778056887582,156.30251654450421,73.84196210696882,31.82576001670278,58.90033785175802,384.11626366174426,515.281248409304,Commercial,West,1229.09
1492.502555779568,208.05244282684367,1090.276275041055,2574.877055887815,38.80892973569546,69.20729362337565,25.71381787085934,89.1474478347663,451.8541892230245,821.6936098281476,Industrial,South,2307.59
634.8605016555531,299.3240454071907,786.3713345127401,2200.0810564745348,152.43446872774263,76.08110282212446,26.82788944477008,52.496530485109815,216.12933520525237,350.5563759904171,Commercial,East,1432.94
1480.8827571926106,287.7528898032111,177.36134907047213,1907.6553304481595,75.11979278626859,60.5920469790994,26.720057054158783,10.592070927651074,440.6598071700534,348.8310365703462,Industrial,South,2156.17
716.7372841779246,135.02252784495306,771.0665702440676,3335.7327060838134,190.3130221838643,46.018229225987774,29.24925859082749,15.094504725962544,327.07342252176153,497.08637891359496,Residential,West,1157.34
501.47066906195323,111.38895889605406,842.1367236395598,1581.7329248581702,42.99093874374133,44.89170965425162,21.256839944849357,66.93732797016624,349.9404283954686,444.8710733069548,Residential,North,805.01
1151.3940320130066,329.2288427444674,743.5835299103558,807.7392698520134,161.61753946173272,71.65345616184655,29.81275930953673,71.01384057286774,779.0623092349776,298.86602453629826,Residential,South,1414.12
798.4551665717214,128.57743264654283,451.64104382331516,1295.461646020538,76.28039599898499,37.7035241055516,23.395558215959863,46.159739898645284,408.46512143503196,652.0941373640046,Residential,South,969.02
1734.3770394240396,220.77952886250196,747.4469850711182,1178.7449738789355,228.25715984630202,43.7259781112186,23.57098146550422,31.850234842571478,287.93504312420947,217.69990931506152,Transport,Central,2156.36
495.377405017871,61.83092074827534,283.8221405436418,6066.006752798254,49.4629196804097,16.367111922203435,31.426200237788745,74.43699294121063,266.714617715674,424.73950499769757,Residential,Central,718.38
1173.047703534791,47.59137875537829,668.3345248225662,3847.2830975766333,126.55594537398294,67.963045632138,22.024857694522147,37.374505708595436,315.0156835478806,255.99746049699579,Commercial,East,1233.77
1201.00209192703,179.365011322493,1129.6963519187248,2091.9693387535294,176.41547100821919,7.69247492347932,31.417212005052328,16.66104272538726,156.79575622419426,371.27492270720654,Industrial,North,2444.41
928.7070569897623,153.0871557500111,1593.2275399468222,1200.248917609541,147.93769402955309,99.05121608804818,27.506833623544527,46.86494855533776,371.831129403622,242.7355940066009,Industrial,West,2102.29
1205.5057381093136,248.99920230151096,1473.4291341728338,3315.28931702719,147.44683407992318,14.373757716961567,18.75861625564964,58.5224735642696,313.291666128265,641.5380326578328,Commercial,East,2028.46
641.6361053581346,115.29129071302553,485.90745527029526,2040.672887202195,59.695624940505226,38.29783961184263,33.8223792582325,96.90659175993518,348.04711080093824,509.21296650454974,Commercial,Central,1019.39
448.0902856686861,200.26831914692977,380.2300660939264,1584.037857940904,57.417358616243945,23.778063289828133,28.55126863631747,63.29995415503065,326.39207839972335,361.78679381187703,Transport,South,1161.89
522.9558508687775,242.454029414777,880.0141433121078,2051.331706914285,144.53851968371046,29.065812598384156,28.97062932944935,28.74881315169107,164.84916582806093,448.50428176872913,Industrial,Central,1783.56
694.3243340109975,117.77938193401977,817.0969114913984,1612.9085243634054,133.26038875621418,32.24532493040646,32.036211552923795,84.89742264904496,414.5541855652397,185.51447213880894,Industrial,Central,1504.02
950.150942219448,145.5373787238998,1053.9935144198837,2556.0787007322574,69.18543185951759,71.83366390543789,34.496103722806495,36.23337926245361,241.04321815049113,129.84235062191792,Transport,South,1320.73
463.3491426892972,92.49026556658205,594.2323170449177,752.0768888555634,66.93392836352517,17.67492731544489,28.00513448108064,96.33503652172978,474.731588536932,213.35912943813952,Industrial,West,1233.94
576.2703211218552,253.42163245646898,828.6629872204874,2544.895617353873,117.39978157839035,26.385654217933997,30.08643661248034,39.27810400069579,429.8700296535322,632.4895812930184,Residential,South,1079.73
481.31881477868086,226.7020952746784,808.2193045455492,1611.4902663716432,100.84590586287922,10.120609027044413,28.85592965308713,91.85661599118718,620.8509282314873,242.25756675581366,Commercial,South,1143.28
1025.9658070211435,235.1233766903202,679.242342515408,3360.0246654980688,299.2830441132678,33.145999871407675,25.2856614664916,89.10585713583242,314.5612743033148,462.80193109934004,Residential,South,1456.88
1475.5515286737163,152.76417987557483,335.62985039046686,3901.3196736314108,235.1025449179242,94.1241743360522,19.082818485524278,87.75934727947356,452.0196805847446,268.1327560466502,Industrial,West,2444.9
411.37126051267893,224.7833237855713,1122.189981935527,4409.886687011492,186.80461816137793,38.010898268333726,28.07461029552104,13.544675232332235,651.7373835848422,276.77656037892285,Transport,South,1687.78
863.2806578697266,29.73098819560406,882.7863869697234,6334.430506637082,249.6848337363192,,33.89468915322278,86.48829716030113,231.34303907529582,244.07995585631878,Commercial,West,1377.15
1083.61450390227,159.7952951447663,1157.6233647519193,4319.223309065243,86.60520531760987,46.170393800009414,29.916664816788284,74.9170107056545,499.8222978313015,235.45553856635533,Commercial,East,1716.78
615.5982801249638,356.7658100033407,1283.8147269629671,3296.308799260924,93.7865867881947,44.95996843120316,21.662884045117792,40.086844875956444,405.213576852931,446.3048569181035,Residential,West,1772.9
335.55328041949883,172.12551645028626,775.7284217000156,835.0969686995579,218.02651048283397,82.39709440034146,32.48760752822453,54.10885839001547,197.28599558773644,237.4198449208875,Transport,Central,1283.18
1146.5717670072577,279.6058278705204,1125.4170125096084,266.5101114249404,126.35663187899644,2.6819453573774465,25.452650740718298,67.59235361594875,297.6971588889146,233.98388586949187,Residential,North,1559.06
324.9382747360709,153.20475511317485,1610.3197585988376,3571.1908731907533,,86.48864992094799,16.539870637524977,94.91832804302715,834.065526081765,300.64925471554744,Residential,Central,1262.28
1297.2294674652383,319.95075285182423,1846.3017176956646,1056.4378624387548,64.36168460801954,48.5208451600186,32.089519075912605,80.20760389630628,487.8056792271346,257.42073515113026,Residential,North,1760.77
476.44264663559534,111.23438690687672,932.1499528045141,8953.366079615533,213.00478505129203,35.11271851840591,22.273096879534435,48.56506680656572,388.3400748072414,194.06469172132563,Residential,East,1325.9
300.652716571314,212.92719041200377,965.5872873517696,597.1328750758654,165.5679077955746,90.6834950958901,35.90364186558955,68.08786357911188,234.3469278324808,421.97776769616996,Commercial,South,986.42
541.5243488187488,123.09749551672851,924.9578833058412,3211.43061416435,107.12746124219413,33.98593517735355,32.73886700298709,26.72837878994244,104.59508173964763,335.8436955970202,Commercial,West,1240.15
669.0794299147243,195.96514285707514,1037.1069020683954,2195.881975660137,94.16863543097045,97.76973550861962,25.8610036316842,48.15481561596089,170.0978842430844,229.45249300968635,Residential,West,1135.64
734.0821843535255,,1258.5558854042222,654.7681998461344,230.2660697443335,93.63564992829548,29.296799228772315,81.21711999722348,320.2034892490604,194.3773336344404,Residential,Central,1028.82
895.835533953513,171.78099558430793,916.064964400066,2187.274188095512,87.191253943488,26.792321221674197,39.119592828275515,64.59307430462125,320.3016964141842,502.02189109661725,Residential,East,1284.84
764.3112384239346,138.80696467061114,1797.1648431255064,1153.8839020835087,52.986969877295586,34.06027198236815,32.00003518918493,80.49242329040715,545.8092847801527,152.64431623177396,Commercial,Central,1271.86
1420.7098363858033,238.21106727383773,1680.2482069095975,1833.4653771023804,236.80930946308794,81.21675460170515,28.191000123922947,55.88350619250008,208.70790844979726,69.2886202438571,Residential,South,1454.71
654.6369794039274,217.3573611752769,841.1135884716141,1850.4192834579849,239.21166184878027,19.561008226472644,41.44576997103135,44.21290908653469,200.3450985625386,394.7412192657874,Industrial,South,1964.55
782.7598408330366,120.80628808574755,838.7585329579468,1165.8226480037063,87.00242308423105,73.19515640715224,27.587905054782443,76.82863402791516,407.9692102982425,95.95166731397762,Residential,South,902.72
753.2213815842586,118.98450495106037,655.1579265862281,1517.292583798501,328.55178582014184,12.915114700852326,29.90907409439418,18.43793726319643,269.1598724958444,315.97205504922,Residential,East,1153.5
282.1804132583455,106.09752818281807,1062.6626745642805,1087.0320428301336,118.92351650587857,20.5605526745966,22.318934054703703,98.0746150806711,267.75504932112034,320.512983188479,Commercial,West,959.73
373.809363591467,95.00643357731515,707.5487840432838,458.3638504581248,87.54106753429144,50.050580958866774,18.62640567202555,95.35363966036307,521.8086747052046,137.5787704469969,Commercial,Central,841.77
695.6089791197145,246.1572050760088,640.6845509364045,2071.6593756108628,162.8362323559525,74.58817268164229,25.56098854025823,89.23317455825779,194.61227994195974,144.06594063186003,Residential,South,886.36
825.9215739490575,102.87305959385381,1052.090848130238,4306.040097825713,58.81360017742542,73.94286435511823,27.19204042184259,89.5850288964681,487.5930426959135,326.14149521905347,Residential,South,1000.46
225.82171431346586,204.20263527571652,472.6306737997842,1133.9578684576518,73.61654668685505,60.89222722467452,28.646317922049292,55.99505084512833,386.21433621606377,141.60737450247308,Transport,Central,906.1
1450.4007301425388,132.64778341422635,1268.5050252318906,5617.6847397414895,145.00973845335002,27.21126738959059,19.901144766128763,54.815114840848445,256.57371667075734,554.4008598628654,Residential,East,1630.56
856.0324310739774,275.637914513453,1071.378160461684,6318.030046933993,131.94186592007705,41.53778641434195,30.30337161058974,83.80739543349281,315.7978844418919,231.0077385205004,Commercial,South,1819.42
677.7265656878485,399.1333472556637,1640.0476512341654,1430.5399486561832,196.23399358552254,24.621426658416034,22.848072379781616,35.49308609807248,219.0610544091636,601.9618150466531,Commercial,Central,1947.28
838.3031335676158,24.4102868895426,939.8785562805756,1668.9023280742483,63.945572935384256,27.701742504079686,30.043671796972074,86.49224014653868,292.4891242536659,537.6323215921135,Residential,East,862.3
526.9170765503037,110.47928111662874,1146.8602867169286,1450.005997667622,300.3366299400282,32.322402069856615,31.67463241421825,28.079219071340532,635.7896575215093,282.49892987484014,Commercial,Central,1332.57
737.7097332832676,131.51035802425872,219.98935525298904,844.8782681940265,99.80198700722674,59.88477110335224,25.022454549736853,89.11965439701379,230.38089941038376,331.5895736220365,Industrial,Central,1225.03
791.3337497442828,155.48886492393038,1215.0128052789687,1674.3067798823984,129.48144004485445,20.75948885511658,22.180905338662,58.69766978070867,133.67724735458177,487.171122339402,Industrial,Central,1946.46
1152.6506614314019,150.6033460142176,1420.1847338678288,1549.982145690734,97.36029362272933,4.256951918409757,34.71824658691814,85.88899248925634,320.0710669258521,167.0040821834087,Residential,East,1311.02
627.7832232841663,82.57487441520826,892.2763111478405,2048.618126705803,58.52989320826339,69.24546517991628,31.364560471495977,54.38285052120926,586.2841849678135,242.04153695271134,Residential,West,985.3
329.4728584601603,403.16447789826907,652.7653378684231,2121.242780747178,122.26126145920108,2.1806400605820286,27.759881669237036,64.75889674553588,352.6841797746832,594.4870550861687,Residential,Central,1172.8
442.408147460295,153.44523965486596,949.9149106114711,796.4892013796957,175.20791298695872,97.07848178590685,34.34213881839926,93.4107517156668,284.2878295159247,459.39389608902394,Commercial,South,962.89
604.5045303389818,216.87716986543722,1267.83717955905,2822.5797201257897,112.78172431744724,35.02855102466707,27.41630861987757,47.63910270772891,278.59673897425176,264.6031003460406,Industrial,North,1951.74
348.11611970230825,220.18660827318547,1344.1259844182393,1660.9411793881263,78.23805580298804,0.6581372319182655,23.897463949026744,29.825774923658194,493.85750810159055,333.05642200603563,Residential,South,984.55
419.09497457509855,72.16119989227121,337.3133767596982,918.5730432696066,199.5282519577669,88.45853114145206,21.9914896781362,18.188230461704983,372.29347806667437,209.8610931507194,Residential,West,747.99
444.408656518465,142.9492017298916,2546.537947272359,1635.7259621409785,203.33950145039452,59.980453333682796,26.461004323231787,63.09811572905939,186.2047058197405,252.96629038468814,Transport,East,1629.53
585.6149885402775,246.14986982159806,642.3252794507312,2174.363754060703,109.69201068650612,81.73922948410068,30.858602389907965,64.99766083060108,407.5048722790118,391.6460200832427,Residential,North,1243.47
851.0103945497674,330.0230907299622,1155.8697538087706,4794.303280295137,149.6287666384986,43.50247156359654,33.94879607553909,65.86345984070459,339.6970959186618,253.41777847398754,Commercial,East,1751.28
572.7412386382346,144.5195109068081,1493.0527761742724,4337.228695754648,198.79063739644553,35.418188301393336,27.117551080172372,13.344950868229478,457.82520721487424,422.72095810333695,Industrial,North,2081.76
876.9716854663343,79.98305807430978,805.2303373341852,1348.0669034204946,174.21167009363742,65.51894430479302,33.06562463967839,12.467393821485837,635.8063473404858,141.6742752117745,Residential,East,1059.8
678.0163900895442,125.68684873925979,1368.273388191712,1737.80824860763,147.4803880643385,40.600087489112845,25.928652842489846,90.58753180476343,670.2124737208909,389.4216682917854,Residential,East,1168.27
426.07219532764526,141.3030943451003,335.72989330252597,1063.751589753196,170.60366225828346,55.620859802092134,23.09200990672073,72.59517849028285,317.65786991919276,177.61045628734678,Residential,West,823.43
797.3493856385286,138.53752836717177,269.58634749518285,2403.294450247411,154.88066761245088,27.782287811474394,20.46843383099806,20.19854871879746,369.3189010054449,278.454839019306,Transport,East,1405.54
742.0075987009371,106.16035646588041,1391.1893470271125,1399.887299691423,125.91743805502934,33.264540673077505,24.46880018829067,16.71731143671367,623.5515796769973,203.1641544566946,Residential,East,1043.95
887.3959041689844,75.13345107163791,1313.999784730884,1698.5309562106695,63.1973467377025,8.219076322172135,20.656712862751725,24.567131268228824,339.29578586801324,389.94319866251436,Residential,West,1109.72
969.4853247685426,91.99405748270114,1004.5165733100847,3648.580550441517,71.921637427531,78.13719867183654,37.047558155951,82.62270820548159,490.84681086330255,149.917971091582,Residential,West,1263.54
1168.9872966073754,126.26242588911491,1269.678128721057,794.0119955257253,158.2826150697872,34.88508269738971,29.196482131546727,75.07774249692488,212.04819168674015,425.23041324857104,Residential,Central,1239.61
863.8547344671088,244.13221479025498,1701.3006156058527,4343.2639493847655,96.83590571081811,97.49991454311245,26.52192575417844,67.47878700922939,226.65523473489455,299.0424422541364,Industrial,South,2177.3
730.9201142066403,290.31457602950235,1514.5517778491057,2554.889355592121,155.39870756899944,25.97588241187918,35.61000881172787,67.67117083962472,691.4727749791151,266.31369338824646,Residential,East,1401.37
889.2291458863119,181.39167950673115,827.4408114089817,4220.646316201911,62.247055030249406,47.50526802695257,20.488663155142476,87.29864799235686,702.2519793070861,217.8365242299713,Commercial,South,1390.6
546.4113075858422,93.45872636092628,945.7417856602858,3096.4973614736527,82.26482615975253,30.553220053839112,26.31428582052128,40.011286452681546,440.7284875587911,239.78958049568507,Commercial,East,1189.28
527.4634928283613,130.09412370540556,762.0997499823167,3449.792789286119,112.7798219905475,69.39253749156737,36.99836896050931,39.00070187023455,299.3357346440663,531.7470504773693,Industrial,North,1616.52
1240.5860108584657,49.005368246627526,716.3297209302846,1982.493899217489,31.004647358271534,80.83659196204206,26.279797466376664,48.28841467047505,249.9466836433061,215.47776191547587,Residential,East,834.81
520.1877007517003,333.14122160843124,1211.7614306049695,900.6611055823278,76.42632590636808,48.70107305178776,39.234068892022634,99.0708410883532,278.9597665438291,533.6729357021541,Transport,North,1815.71
449.9471240851559,119.5377895492214,758.1795493835446,1277.7272272651321,88.14977973647453,36.692755740621195,30.928024197207694,59.94090483422519,173.49832425419302,617.8137014309768,Industrial,East,1348.78
863.6465356211684,207.8791450838039,1210.4951450044853,1109.3244947491983,136.86785422710244,74.47513190638463,33.529629543161164,59.22110215421916,424.4893779734071,263.2337643877225,Residential,Central,1187.49
548.5931442594019,280.33774629159075,804.7891593865099,366.7642870429425,109.19339858649889,19.145504406402523,33.67447411727436,82.86344077608443,405.7190381450441,129.78954756184942,Industrial,Central,1927.25
965.0741110218199,378.45074623616375,860.3889498426345,3644.6157903964204,140.61330327612544,59.946633821213204,27.00801230124019,26.025804947223463,401.54662835959215,469.74104518682765,Transport,East,2290.23
1130.353664982839,257.43378715342124,559.2541177614488,1837.1006906101616,128.2392196859325,73.36244602729197,24.55894167702212,46.48609073651712,561.6074277855645,467.17509969314654,Residential,North,1397.75
480.27396040827693,138.08623023729376,1196.1305066129646,1045.6877424035079,106.8527494497627,26.92696113790727,26.422798400597934,67.72261655730141,330.74031884602465,537.446641690809,Transport,South,1126.26
910.3528576319057,,324.9664371100363,6172.19962462231,88.46969068194248,65.56993401140194,22.065337483431865,98.9215091578309,386.5472252257328,288.59183328210565,Commercial,North,1665.11
514.3267569210022,371.57321617564304,1415.1025845140985,7789.299382060521,130.47083808913956,73.52261450869261,26.67018558385103,23.902263702827103,136.8773061018673,349.75282416395424,Industrial,West,2661.46
610.5068047429876,118.933317538505,2115.0905142116294,717.8306455427501,226.15392282677914,11.74166294840725,26.977969753775195,50.68241022040859,442.6474183631305,238.2182474027422,Transport,Central,1840.12
780.9158942046731,72.9400701614051,874.2899732813787,1673.4405053727778,88.18557959711963,32.39074843391698,35.44617497659602,91.50236218944008,410.1346617161543,232.90858205674485,Commercial,East,1168.77
528.0101032311294,106.61911347047689,856.2840604190783,1600.7422953991713,294.204768068459,40.63060479341883,29.966378553637387,75.29779615559026,184.097345058859,340.8654491442695,Industrial,North,1751.34
749.3381978479206,214.5061479707286,383.73594655417025,985.4984899045725,131.73782518314673,77.59573970598979,38.81308778893436,65.24022134754215,299.91330570519466,489.35527794139693,Residential,North,1163.36
633.8580568186109,139.94500692697088,661.7373632677713,3592.0355407989955,191.28254953174454,56.750513291254,16.202279511780258,33.13975267147145,527.1824732467347,437.3930643350344,Industrial,Central,1950.03
974.795386977901,163.67049545004485,1275.9542276976,371.1361418565405,150.48114297695045,44.956147313691055,20.914781499850285,26.84896607728842,381.18000962295764,305.70565892853347,Industrial,South,1563.93
975.9199253084773,232.53344697426735,1358.5512032101478,5234.52702734492,161.67936198298355,31.877244867089605,25.22327336167317,43.67910641784711,241.0135096128646,509.28131894430226,Residential,North,1529.75
529.2333068383531,105.32595228278709,925.952959231536,2038.0127921472558,76.09966268983989,0.4061367224883705,34.46247232007103,32.95971157227923,410.6331132407929,151.961839660701,Commercial,North,1190.07
788.8898637496605,159.5476403396399,1241.6698860610027,5864.906906677636,96.38903492800922,2.022009096358701,26.452113998583265,82.7628308973712,672.4127661556804,862.2911959905553,Residential,South,1608.3
1041.7349155645577,128.90006309915898,564.7884606099351,1926.8140691129504,46.417339619122814,24.044622573625862,19.66086582174374,74.86330850138728,158.4239117489043,160.95354632144844,Residential,West,907.63
415.751809537289,364.212234336725,1025.192138003096,1596.745444470546,111.44792274330221,11.66906058350926,25.774377819255186,85.16783087959038,435.69894837962323,293.22228951230704,Residential,Central,1148.95
632.0454653383159,253.4713407317059,1579.9622438004699,3768.098706161736,169.29820547838975,11.958659702777542,21.01200871122543,25.397407963404966,374.52846310352317,338.2314851372999,Residential,South,1377.23
773.4719808175673,140.4513568264625,1116.4648812495916,5841.850112313391,111.87373230052079,60.273962406644635,20.031871159250972,37.89724225327409,175.83661220102928,344.6480292919631,Residential,West,1333.3
407.1249469055125,136.35039671882006,1689.205777578682,5275.847244627145,196.54574106807385,60.545532322019454,36.9941390882695,79.16963166772128,382.32964394291594,484.71151639747006,Residential,North,1397.55
558.6914409258483,384.6185557857931,1712.9656263707398,524.0554282957304,101.4008847731061,4.4772109437343,25.24195566659674,24.719357490501984,251.77889825456583,191.7104240660912,Industrial,North,2259.49
1353.665460205009,369.1060090580947,1055.5284467634724,4459.097583802267,85.22254854313438,59.39352518004133,27.86576431401257,23.104455140999576,285.5842547720559,356.0458055432382,Industrial,North,2736.96
519.4596631606112,213.80002285960097,121.06171280747226,1542.8108433147954,94.20783484459342,14.581859403370157,26.535218264159568,44.475299248400255,411.67426634013765,419.99134792696225,Industrial,Central,1494.27
546.4128974575906,167.57687476880096,1345.588992395203,1794.6489146864708,177.48969437949404,37.722573480723945,25.74252187695776,26.779319915605107,404.48828353598583,518.6412187452094,Residential,East,1178.94
300.682423747032,83.4453024066554,449.38084353118876,1520.5588604372772,262.4118707943507,98.96838596675823,22.796694838561834,17.101239223528374,400.82338267293045,261.7646335963292,Transport,Central,993.31
859.3821092640189,107.13816440837049,189.3825704484337,1277.2596101723743,309.1770857098726,52.20053632204489,25.446826979141765,38.14970720994932,832.3841151286745,322.86446144115763,Commercial,North,1325.19
383.295584854165,79.8472749718437,299.87876243602216,1686.1426442519553,168.28187572740998,3.4188013362345115,28.686177392620735,88.80395635358477,305.7667047214199,301.24621208954494,Residential,North,856.62
638.356145284425,285.8617602874312,1388.9319886762992,958.583347370358,192.03447401193125,34.76582016792082,34.09317656031977,15.087963577564992,194.05388093108706,410.09446695587985,Residential,Central,1398.01
452.04055288558567,84.19155262085934,1059.436091735247,4475.402830062204,52.85727540279316,67.08981588367661,31.73717818277037,60.94946086508416,437.91619141124943,411.41608414269024,Industrial,North,1523.06
748.6971213272227,135.43417504730294,937.6196027446209,3069.2777875652064,61.49900609284876,22.459788463509,20.904665512724584,60.67034955228158,373.4495465956486,256.2868704702179,Residential,North,1075.84
137.5734958410661,54.97462487703998,1106.0470233987317,2292.6283200181365,77.91323051328163,96.44492369585763,31.942662091183024,57.775650471283804,257.59548298792146,298.383212626533,Commercial,East,691.45
702.6404108097634,68.71665149111564,310.4497349786915,1520.1163638519654,232.94866878189768,42.529369789091554,29.377190057636845,55.49578507135382,249.48459012777613,309.46698682317316,Transport,West,1252.24
783.0790375134998,237.81574830764347,760.5075575321717,1338.3708959591972,231.29856210339358,2.108730674271053,23.87639499693252,11.551282278393668,578.0244782849815,175.39790892384548,Residential,South,1298.31
565.4001458965399,197.58647928993815,611.9086351258759,2620.941552031092,343.8516145581678,54.05661646129588,27.910485480932845,14.270607041172365,112.66721492043605,365.773815618765,Residential,East,1263.47
581.8623267156761,170.6794627737535,904.0107796809277,2342.240616709325,76.9456283314701,67.6189624352537,29.861435918249494,56.008631139009104,369.66182689210126,358.81015101097654,Transport,West,1573.68
533.3473132778049,136.75630086421447,919.0510473944419,3932.1340191027707,118.38159227002124,45.59911770517356,27.235264739114378,97.14783454417535,244.98161183466956,176.37553064274684,Commercial,East,1291.34
634.5218998829795,63.52449048402521,1084.47874385032,1354.30733231743,46.229314278259416,92.81708397738662,29.401216670783604,46.717820245517444,392.7524038154705,377.781532850293,Residential,South,745.99
1247.9750815712466,127.20115465595545,1159.9139836192876,1264.239259551421,56.06247689122663,90.19321674656064,22.685244915381,52.509408624409375,227.35223160303218,922.9142637348323,Transport,North,2000.07
988.3264505750998,154.61172008212463,319.1574010495861,2989.6021685566575,106.63070947629457,13.896007315275781,36.96416022123256,98.3856803802945,396.9439540473219,203.26810012720085,Transport,East,1741.01
634.2408995050586,229.83692813566344,765.4562701535579,3392.6007989977793,78.8198451752283,7.994816734445687,17.353576355108874,80.12020648921542,513.4988748156754,175.41177016630309,Commercial,Central,1342.53
558.7835050489009,278.1048716299737,847.8075264917653,7437.0140429634885,79.33884157347194,31.23089974307902,29.88925611664071,79.30988624058907,260.814250727688,417.39851581421806,Industrial,West,2442.07
947.2350995635086,241.52087410508386,442.7836767892627,501.7523179564262,90.35152101051051,60.81326622676865,28.833817315051615,55.42619023357946,278.9392381475989,255.47193872781895,Residential,Central,904.65
727.1078650738352,196.99090108751597,419.0005523844189,4627.046242808695,246.12539031291476,60.15953143153395,30.21471696725857,90.81213878785067,390.32241643296516,485.46021299311235,Residential,North,1430.04
402.2389165603645,169.34392437535098,300.8667459936173,2168.3945809209713,210.14483526566886,27.16430997250232,23.45814824175869,62.3058674853759,454.6502299524277,291.35681225072983,Commercial,North,1372.11
601.0148828654098,187.26407102253543,388.4823484479982,1409.656877240964,71.4442904117943,95.11005467770005,32.84598514166528,69.10275933139201,760.5472563217371,224.39267285782054,Residential,East,1269.55
1188.757709912165,122.69512720605096,1238.2533119534341,2643.1270647444444,207.2498036235296,30.733171671553407,26.46009659160844,80.87999682629844,281.7233991716735,288.9788707652343,Industrial,North,2248.3
844.2501767670104,176.8184090730401,348.83212291169133,2584.912513158008,82.3037718964932,80.41994361011562,21.068925304650328,46.5926392094558,278.84790171642356,411.36298540212744,Industrial,East,1678.73
561.6170161580192,154.15189801188347,381.00133525999684,1438.473734322423,52.443820541683046,83.19801805847017,21.52594805862022,95.79432560888648,200.63309829167616,404.5356812133035,Residential,Central,830.49
318.024823705123,460.89947996598363,886.5883766478898,535.3836218397597,88.63330728129284,9.843501892734253,27.62352534418794,98.92065095641713,96.31243672494702,143.06122230051236,Commercial,South,1533.73
747.0158994064394,189.66852643383922,1023.2391490550615,4636.8708377204475,143.57102816850394,23.255291218085194,19.017392382692545,62.84240488498034,515.5786623212363,410.7802457162032,Residential,East,1308.23
679.6890890491144,46.46386215864239,835.3770387220734,1185.8810018846964,75.93417958336161,21.519150795024366,36.00252991721211,29.984984853240015,312.34001807435635,313.956058025403,Transport,West,1401.03
625.3191159365712,132.9298033137289,488.018431055631,1057.0061729260378,166.74552192546554,91.96513167747996,32.24460640271318,79.74118155928947,197.34069798600845,326.85553103937673,Residential,North,886.19
951.940849357284,145.4402748525346,423.8390888362083,1269.3882629740276,91.98695877870034,35.11049239389352,36.13422160425499,38.99247431319526,480.64289436019413,365.9059518292225,Industrial,Central,1607.27
848.9057760498509,257.6968013290289,875.0553688260192,3289.3030003509293,148.82935768212582,83.64713333915073,35.6071174455445,61.939315142998325,498.0307839061449,173.6789863228458,Commercial,South,1508.89
323.4698838060699,201.88667365972358,792.2889973456425,1561.9691659452178,70.97236757488723,47.8018002177275,25.240467675992036,17.803316841248638,437.45472351029196,139.85371993308897,Commercial,Central,938.3
681.4068634296457,196.79230268706166,698.0543284087008,1287.1848032631333,124.39346688243874,45.72190441940204,22.653352686749116,82.66516345271356,277.341886426771,145.72851401976192,Industrial,West,1741.58
363.77178869449114,315.1816077498735,1213.21742681192,2532.2669837821654,77.22353313362034,90.34213575932442,13.611136589179072,96.31782629836094,376.5146339939416,470.97068021817915,Industrial,North,1885.96
537.4993441207121,369.9551518430527,767.7810168108256,2306.431447618387,,44.09014071944271,24.968829375535172,18.479937217028247,213.1184071428311,469.0739149541756,Commercial,West,1652.88
350.5268990535683,237.6419201295043,404.4983086618341,1307.372812846084,296.409464074193,74.48519172309263,35.82826427917976,75.84391544021773,447.410407598224,78.04184397518975,Industrial,North,1884.97
356.73545460504386,138.33953213989122,700.0666293895233,526.7358114924865,98.50824989618928,42.43775017903671,22.86074671251398,87.47549772082719,254.2538110587643,298.0518440090548,Transport,East,1147.67
787.8644617640321,140.53995287713582,1076.6277822162215,3243.5513273329857,60.73073569347104,10.18697365763126,25.95039502568122,19.855559747395258,542.0667727835629,234.82796459134536,Commercial,Central,1402.07
753.320055985377,16.785757690746582,745.7087433987982,2334.4401000095454,128.43254774759717,5.3094794497448135,24.227148754585585,32.21168226071403,414.2602114115631,185.412550269552,Commercial,Central,1131.04
658.651463526973,295.3331879002963,1067.8367961709955,388.5177025230893,129.55362739063816,20.82401769786979,28.874975768038578,45.268412324954745,178.44139523431897,515.693467185767,Residential,Central,1174.66
516.0269202908223,140.31542959312839,1165.2933170735405,5044.869887666159,129.1276590856968,72.22680362271039,33.43042342107155,85.30842985361078,516.2448097435548,565.3828780735596,Industrial,East,2067.96
337.89333189045124,163.49422209983905,769.0285316450944,373.4760283430756,161.93702722591001,37.36497201004947,19.303946912427417,54.408813895274264,497.8832364301589,334.6015265232449,Commercial,East,887.66
538.6615209544059,131.4215801407266,833.523553364958,1117.6908491365111,,45.41075813875254,20.261120091847037,22.326697228747342,468.48989312945224,227.62792746957498,Commercial,South,963.36
754.8211900510902,92.54808137935146,723.1880372667979,1171.226373306074,169.9048568370092,10.187639851754826,34.433100196371775,33.07339531333799,479.9108779044931,248.7030483348806,Residential,Central,1049.3
747.1316299361123,442.98121726174907,1078.732763998261,1321.0508902528088,121.79789162484107,62.30375997880595,30.66533437225905,52.06400567830609,331.7045510208701,169.21299054554322,Transport,East,2104.0
1177.7557942050655,164.0656570966577,712.4140374239881,1290.895564723431,58.77486561050163,80.34482104019519,25.703097193257705,13.533782153969796,373.552008194155,246.6576073107786,Commercial,West,1247.07
1102.8741204055095,337.3445601184011,1030.2503295493034,770.4216441569653,181.8345296593789,62.468324400436195,35.53541380963205,66.78973620722985,303.4818236060013,198.1861322225315,Industrial,South,2240.24
670.4605416586207,141.31635078161753,926.1322509858917,2191.550988538571,134.70906453070182,98.46140818253062,20.17485556805048,12.278970677325283,136.21197313695131,547.4277027329243,Residential,West,1030.8
536.058213341444,119.50113161354507,298.7805568976725,3583.3131467843123,165.4804778022106,1.634139151247116,31.656067455955164,80.27842098454192,411.22654307271927,112.7401541461862,Transport,South,1215.0
457.4780472116776,227.70530625310974,1056.3781175974827,2172.2429970995017,62.714732915639836,1.566982725052124,26.658809455680004,76.0465843754929,157.4783322580298,445.1160542377548,Residential,West,1197.87
312.2993132767977,277.51715097404445,886.468492339303,2417.9673170394126,187.19224282631407,50.000560311504024,30.032719180064465,87.8895992775384,200.36192558171848,191.34529028854342,Residential,North,1153.53
383.10217551389735,286.3487302628138,1440.8698114212048,1586.6879459733002,335.22025919749456,26.640805887705675,15.064239439373633,24.194146645284217,247.98047205889188,408.98188393388693,Transport,North,1986.35
1358.4249203654167,153.53993993409821,453.5975124824449,2117.4213257657925,60.0675623448455,68.65104053510038,25.696483200528252,64.23266898617294,341.0998902670137,282.91976575236373,Transport,South,1460.47
755.3181282936906,239.50724593271175,933.1562776572066,2535.0775248628943,200.24574513334906,79.32101535531324,30.68398358018186,80.29248252280816,692.3288832316073,448.50775028413284,Residential,East,1568.35
874.8860664909552,126.53467025684658,664.1862572617414,3070.334221076226,134.99864664369056,10.243590878299969,26.683348908025856,56.41739025313355,246.99229544553023,149.52063956538507,Commercial,West,1450.34
585.9147565473969,175.66767883522857,317.9515139597304,1217.8677286106483,122.4583084672348,91.73382027462357,33.27648886400426,21.772389431155126,717.9210476471212,222.38690205744487,Industrial,South,1451.7
1707.599550042494,145.90018719151456,265.82980760664634,1106.426305989099,188.26385760139286,2.9922937806101113,33.10902503570393,18.903305500941496,491.554772003981,256.410072616948,Transport,North,2297.12
384.90728419629016,134.49916087750063,1573.449878059846,271.17695910939176,178.15994468876852,68.84039277944967,22.207181873897042,64.53076671471302,388.7313103098282,312.39693713593203,Commercial,South,1003.03
297.177519122334,179.3936402544559,934.5610025315896,5939.974078665892,224.91809956812946,38.45007662572891,31.119963256668402,54.78468474465203,234.2357594936423,310.09472670112905,Commercial,East,1527.08
1693.9383521612149,91.17899455900567,756.7304104217274,5714.760214625938,64.08931638296737,66.74392128098823,22.0366867138588,93.66041230589354,343.37090540797243,168.3571146070149,Industrial,East,2194.1
329.8300071651832,266.3354599066928,367.03484819985704,1884.8223261812154,229.24083354117462,9.763632161089653,27.27007720577378,85.04566939209438,356.0024451753819,143.77369229132728,Industrial,West,1951.14
582.2523272137548,134.78932077406202,1530.6025370440489,1956.1917272661547,148.08134222656915,93.70803194387888,30.280641246538103,75.13742724884332,444.81667146470846,264.3885328206438,Industrial,South,1711.35
475.49112232443076,260.1365372242143,581.1112660115313,4826.952719994972,,93.74083398400184,22.82358534369709,98.41570844926082,240.02809624299027,292.59509238244294,Commercial,West,1278.36
780.2830257301366,,954.9785180449775,789.7955231596247,98.99058573895243,51.940081417611175,30.93463092782191,72.51496151708795,498.2758506173663,257.14008511718197,Residential,West,1037.99
562.3140459152278,134.54071242938016,870.2839905667493,1024.5559642437709,136.5711451253454,50.95845340651446,24.473221269240483,18.312646032919595,325.7474648736254,112.56368365704691,Transport,West,1419.24
876.1017119109437,91.00618488104357,1856.8255619841448,5008.781153720226,97.8499659220934,63.48081878137043,24.09651236293826,16.980667975665376,410.67198472808707,298.88399340910064,Transport,East,1677.72
960.5144813376969,89.09090324200638,824.043879203918,1575.416777296821,114.75445374351331,58.00689505475377,30.533254917698578,83.42822740689441,313.7987765448154,375.1033421586413,Industrial,Central,1664.49
310.7773903389146,109.54732106905588,644.043784876204,919.6818611026738,90.66916980187824,54.354656682751134,22.820135281582907,42.4633225242764,572.5490648016657,334.3206112183529,Residential,South,745.77
450.43576256511165,102.91911432926148,941.113760273432,2629.869143860693,285.04789547871286,58.91911488859331,22.565822653184526,93.18554079061107,206.22596347039178,277.8294439397846,Residential,West,1082.8
909.4005249649693,91.43649464118509,988.3577174367247,1223.0562962757842,422.41802411439204,85.86301721786694,32.205780200150414,20.642269154632725,378.43767620155296,321.14398339982415,Industrial,North,2000.75
1045.3351490197463,169.5961423149755,2441.024921222541,4493.356774214041,171.27983388076083,61.10667795807843,27.54278575962467,27.890831074171725,176.54381532262767,201.96810345749043,Residential,North,1676.01
718.4895988237458,225.50238309939581,817.5072478247623,2106.0604789120457,128.0978941507074,19.58343547967447,19.729402523483525,79.58507493790181,425.6125278922965,515.9279159574198,Transport,Central,1697.0
805.9405970919556,231.34880098854052,445.7025101042354,1258.4073037946366,70.08173531110788,91.39120403792083,31.278206891941053,86.27269975552355,198.1687539968204,232.49899118986355,Commercial,East,1290.11
1211.1430972326666,60.6456002834074,698.1578373648471,1308.1369420605604,225.21884572465908,21.59606185828458,24.966993838782777,88.04767098572482,295.6090409502393,380.83566797809516,Industrial,West,2017.42
565.5449694311693,145.41714212887743,940.1384592240283,2550.262395527669,160.21915266306465,,19.984933302192672,18.92253387263247,279.7424735220534,596.3519937480144,Transport,West,1598.95
714.9774444709888,137.95571021666822,1019.7929190315499,1709.469307557077,74.11442150799667,99.70578290638613,14.4634249441918,44.36220722396223,797.652351942071,272.3311476081702,Commercial,West,1390.15
1103.4177408999572,317.9517408686461,348.7621161819681,1558.8320858771422,74.40317153950494,21.341669445302824,31.51707148516204,68.17477177928647,237.53795931317254,457.98262536393884,Residential,South,1199.78
1134.0925657186353,,658.2338161433242,3144.041111355021,116.2058695745537,10.009335865940738,22.700409669442145,92.69160550134069,500.01215867226966,229.82046187264476,Industrial,North,2278.74
636.7054102742362,162.4126609036573,1806.5175530262306,4867.411077171418,128.7614394697,56.20072108693006,20.780776143507495,31.511352793758913,94.10608136466409,459.9728717423599,Commercial,North,1511.78
457.20714930971434,73.9354280284169,524.9074665229072,2874.9063879989444,169.25933064520876,82.71937436749931,30.197014151929956,64.03085951323449,341.55470998055057,547.9396667066972,Commercial,Central,1010.05
633.5181654184775,107.98673294113544,1226.2174092175408,1154.3541531578178,120.20796511575796,6.075071986330216,31.02895798154427,22.916736590365606,583.7849899744098,193.72164251201974,Industrial,South,1666.87
661.2166706387607,71.30434113449927,709.5928374499204,877.251331373621,176.46406908200163,49.010417521827335,23.064485007026853,77.25508402799046,140.42265244614228,436.3554792161245,Transport,East,1172.14
449.4151925592995,175.15834032258272,840.1847093456564,3030.68843060853,97.90045593525427,6.850234045698911,31.56320329802989,21.477201100259894,490.2997219006163,607.0424981723888,Commercial,East,1332.73
480.98138444301276,322.93067174379104,372.6942852866899,2871.3282921515192,120.3735031561946,42.86911178892829,37.27446460556564,99.99842395980151,314.9478903199408,347.1057493151997,Residential,North,1329.19
1134.796004486712,110.0268479182715,742.754709409924,1482.5149966426302,229.36585994255546,34.3960128770325,33.73331635485549,18.304020971869583,110.03673530369139,499.6156558256216,Commercial,East,1490.44
822.4938210529356,148.96007176692754,934.7794712475682,1732.159548084204,180.45132684795058,13.712941813305646,32.95528547598478,71.68034404342453,521.4739855547072,553.9557728149563,Commercial,North,1576.47
583.5522081271773,103.27202025095795,822.3496204601252,1202.8530365122629,124.08893692210178,93.10210234302158,28.570645610662652,79.93349507483944,434.7632794992273,466.76607312880896,Residential,North,1041.49
396.2968234008311,121.23162727957595,765.0109562915294,893.2671846183483,145.42452094287654,63.48869794523638,24.78140897235539,33.21908051109786,221.8713673090885,204.49222155891565,Residential,North,661.92
483.6718913520747,177.02186245842717,1081.2262363836826,1275.5383802177034,120.65052629192051,84.30563005782071,26.72056973551622,32.93458023846161,446.58207275647004,370.1369020309093,Industrial,Central,1612.95
285.34543804208147,397.3685880556888,423.1214811022242,204.98331103803136,56.38125307888403,90.59445291815099,29.20370801831381,63.65323464400181,146.1055714231331,392.28774647737845,Residential,East,1080.69
726.882439962439,315.1000968872156,955.0590481838976,3989.5656470470585,23.634948269197714,93.01853309884875,20.7124402067255,66.74271263919766,255.0603451071478,104.21622388237506,Transport,Central,1706.25
471.3330412786686,360.5470387896724,253.68292533560015,686.7449229123708,268.15300253156687,74.81146163693786,23.1530904619677,74.84733785492179,337.6366746695644,283.4388161135536,Residential,East,1066.04
752.5453206582641,261.2801447269979,1381.6081108955836,1911.6082718799587,76.8108310436178,30.69483152341973,19.861249285087077,62.22645889137332,329.7231883627549,322.06045092657394,Residential,South,1195.41
905.290225859532,147.9397436243867,777.2843278548061,317.66713756060665,101.87605491824984,82.89326188553535,28.175933111457063,25.702009657338888,405.0743953084159,378.38447087534036,Industrial,West,1619.77
757.4405847040497,137.5675341410584,1188.8432556961152,2811.187090600718,385.59088736374366,52.018291148206984,27.415269611977685,93.17291271888469,788.5986935663808,177.42086373730882,Transport,Central,2141.09
551.0594684698406,110.38691097960961,157.35852013154644,3354.4783316626695,68.56738185399827,27.16539218267705,23.736456672656935,24.995041814210158,197.00363085728776,272.29809694676567,Residential,East,737.61
438.64968659138594,33.89055860656456,1112.5565234490214,2027.7165585799773,117.07554446400746,38.57738099939198,31.102496026898706,60.87146665346948,367.0132146432733,334.2918921973574,Residential,North,950.99
368.9517898656458,146.72185684714586,571.0412720965218,1836.7203729335529,236.88136123639342,30.12235307731086,21.776998170358457,92.80025601951539,371.48809898238363,244.55144985341948,Residential,South,805.47
1086.170621413923,325.1888018040593,842.8099843045118,1199.3957059536142,297.14611202613975,46.62040400030274,23.5508262991138,92.16726323061926,542.9232667725495,102.8072220047065,Commercial,Central,1946.79
742.8596341108494,323.37132966106157,1120.6721272011443,3929.618212003051,159.08708600905516,78.13351381209121,30.90263242456253,25.11158273295839,328.74534047902284,527.567361259407,Commercial,East,1826.14
565.385230377102,469.7822515690513,806.5113201501756,570.5486420283946,226.2525389792092,48.48673418425334,31.64407890063069,31.474242615786096,128.68896331885014,710.7137317618782,Residential,Central,1796.63
852.7970954507306,183.6911067807554,1060.09162730281,1415.4243953333885,110.95273066953754,26.785857809098147,23.021368986455784,64.16655193535654,350.61140080714597,356.199001263667,Residential,East,1292.72
1009.5409501828053,83.39701636955324,714.6138438332241,1098.8954901893296,23.56535675350655,8.740307467903074,28.160213023716203,40.34478997703324,120.03954347841824,359.44207725732997,Commercial,North,1161.93
475.90537935553584,218.1586950163757,1431.2500624209556,1070.7508983234732,216.2418832378451,85.57560871295988,23.10596379610484,75.77949155304546,520.1435209267001,293.8698843329747,Transport,Central,1822.39
732.942012329193,399.49947163318797,776.2681923172358,3866.3756000991934,122.62380432061862,41.73686067763447,26.01330233211348,57.01638888406609,335.79497308929984,144.82903257923914,Industrial,West,2580.96
739.5303489394005,346.1929570594751,783.6787434542318,1761.06834096531,104.279372219174,44.19225453746177,27.719186970757818,33.94810503497701,397.6544614391454,119.98235829924698,Commercial,West,1643.07
1188.1665513682547,129.40141083114224,790.5601250595932,1192.5690782831325,99.4447648154962,76.37215702325719,29.801830994079673,46.993412585110846,208.02248102355145,56.258076786015565,Residential,Central,1002.38
561.7935720709432,87.8922906317278,831.9612034415485,2383.686215556631,174.72878387672205,84.97264958648097,28.587795067465546,72.1999963970415,213.01972165620975,508.0133986491186,Residential,North,1007.07
431.2476415479352,86.5134407670757,433.9315320276154,2257.8142844810886,173.7086109495543,51.11449079746705,28.365811702701215,80.66272232716615,432.30998658104977,672.8436122795675,Residential,Central,682.24
768.9092147735298,114.2124878672793,516.5545911864041,3317.02695528377,124.48050111824895,63.23678338085871,21.607508314464972,43.26048911301105,295.3155075909292,373.14032101743663,Industrial,South,1499.46
883.8922309194172,123.5702663341676,1268.5075285391981,2552.3471701041517,155.23534800942713,23.915670053898353,28.94138319653749,19.44868450281095,238.36479311781443,242.99905642403962,Transport,Central,1577.69
706.4120010583414,142.23620461154908,1188.5290635628162,1816.20764012868,67.80395285884528,93.50679455660263,29.755326755981496,41.79493065123521,583.6442484024095,272.22653706654864,Transport,North,1477.51
1224.0896158800579,232.5554001221688,1154.146698940407,1901.5705733955801,111.81636702127736,56.792126806174196,30.444672650435663,66.74236476296534,354.71333632217227,399.39110157549396,Transport,East,1849.79
560.9865337696626,139.69600394663348,1016.3432673304048,2480.906764761909,69.54441291078321,71.9604890495193,23.402399102645564,78.38489447617617,253.88807504320184,495.2508004818227,Transport,West,1377.81
714.2226175138283,171.64418157050528,650.7880010689976,976.8793489576682,68.23231608807481,11.421305435257079,31.57792808291804,89.16933147723856,364.45757913107104,296.61430738470153,Transport,North,1269.16
322.9416479790501,68.42455012089047,618.9911505547761,2227.359450546845,147.7940731868564,63.69209523577165,20.413825691115875,96.57476940326858,274.9255773909963,253.80023098586574,Residential,North,904.53
420.02682371875943,110.46346290657054,815.6715981296276,4800.361069595685,127.9322453389939,36.89497824035332,24.845909229779757,57.6427757044837,415.9319352240904,175.89369390081578,Residential,Central,957.78
477.32190350857525,107.7268439738348,1357.6445334291457,2028.8298158124414,98.00836105759895,45.006297517849006,25.62240458852918,89.21866988357903,202.11113609452755,229.07364801656325,Residential,North,736.14
603.5634756260839,61.735431535713055,910.4256652978022,1510.1270653981758,108.92952260847534,68.21620323424028,20.687954687483504,33.58702158630694,523.940511394883,387.5632725339382,Commercial,West,1083.09
348.6063899056687,137.8691501239694,503.8046748660881,1496.664448873746,154.10334374712966,79.63275432084448,25.54644494247598,60.36865429828284,274.8123162181354,344.9713041158319,Residential,Central,869.36
847.520479422868,68.71637516264096,387.72214097710724,2415.9302794739096,176.53243864496625,34.93652383350317,28.107404571724008,58.544643327802724,173.52582583692057,330.75868573282065,Industrial,West,1609.56
457.7844196820091,132.79908007319682,1205.4205398669767,2148.424051243612,162.40411837473766,87.32368522346307,17.87113909083332,79.18247270597483,184.0813926639929,179.45186715123725,Industrial,East,1384.91
1569.489071496156,178.43645970073865,1549.4984278175848,2894.832408040395,45.77037457303306,21.899030419169506,25.026558081145772,79.58105645520261,304.90609242322677,265.22486153856545,Commercial,East,1745.05
465.31386537130845,327.9121106185356,339.3226615498399,1248.6594011112504,29.82310795894819,56.28982332626181,18.25799533868338,35.680866249066284,239.1294462456993,439.1823967587299,Residential,West,1052.1
681.6092656101792,104.76613825011331,1223.644595962007,1693.5191768365328,80.80563203911802,15.126548033473918,37.20769392158472,89.72752906627973,157.22275830846303,583.7509501058955,Residential,East,994.94
643.8963928604262,175.91856360992716,1005.5081706565087,3199.4032565635666,30.083097793686576,,28.06245608466992,90.23436849986807,161.64668251037224,428.50214869441504,Residential,East,944.94
403.30350337357055,118.48450520422097,561.6125740811464,3357.273435231288,252.52846988085147,89.54114693972593,27.629146419155038,95.34173731806324,337.33430401353814,494.33084330314546,Transport,North,1459.34
604.6143816963698,66.5067234494145,915.954807598258,3373.8013948667867,107.0309258771691,,28.160367058295705,51.18798947402532,373.718173968026,104.521012448822,Commercial,West,1042.64
601.2472375703317,329.78581028328534,463.2998411472617,2992.2653692190993,58.53917792596276,91.56111886454468,30.022603153004162,98.8672891731937,347.9619648623985,535.719111674763,Industrial,West,2228.96
960.9274421862148,182.56206437219194,748.56407400249,3055.8536521380615,106.38049327595195,32.84020339138601,31.890774249172644,80.64201976878684,576.0429613467007,370.59678966917323,Residential,West,1523.7
781.6217484960916,212.6163520334438,836.6222248358428,2224.764239117057,39.44815366842078,69.5795419877084,19.182230355926684,68.7868643992131,397.62883632387775,332.36553392303495,Commercial,North,1265.92
842.077987724248,356.27024572012186,1425.0396058079384,665.7703549880633,59.323012003384825,9.17182944341678,33.550887987133784,48.903217327376254,252.48881745898507,349.0260637037539,Commercial,West,1725.03
951.727378757632,132.45650078470757,731.4622596811328,719.3699136008082,102.21496262143171,64.12714623366416,33.22912647008627,85.81880987274255,1016.6979017875508,639.1587215118528,Industrial,West,2181.79
848.0522555546403,80.99286615796349,591.9447116416632,2003.1495962725617,93.35999573495346,90.94612797651885,26.66826694571229,78.77237994773787,217.51966340454527,238.04780660171517,Industrial,North,1397.72
730.2464717798389,103.94726580611307,970.9331216535878,2061.4219207628084,101.76891187149063,55.520192539998305,26.406356546584,62.700243871643686,147.8733267274319,349.1990775893992,Residential,Central,940.93
475.3006616418855,76.78378407623671,1072.9774885521997,1052.7678348914442,156.59626362734724,36.212149828347584,11.486196016879635,99.74312983060649,442.5818406039641,281.5006467677551,Transport,East,1259.47
709.7549375359564,285.2827316154191,581.4660055122798,1102.748578713205,198.42729109592645,79.35776200961938,20.780044188992058,32.45152290346569,694.1473555096799,184.8145817170361,Residential,East,1355.01
434.44536246897854,407.1673611353562,494.1398465984777,1808.5323508731096,132.1420353954993,71.27254243715927,29.594246381315784,67.75786821579521,483.2044693070864,130.44126828255077,Transport,West,2016.89
625.3151972130744,177.45903237811402,515.24273432819,6470.139317916337,203.71477899185692,11.769256092193647,33.00308733154946,38.90144489965065,296.87251335773647,183.197973113587,Residential,East,1307.41
589.1454412382186,235.81159684732813,1427.302518333632,915.059607368721,94.50812543536847,66.57015368766365,30.644184610583988,51.20589163073722,228.80477814822396,208.44892286715762,Residential,East,981.16
606.044366409923,266.728290316673,1051.7529986469237,1456.6410074258133,217.54531016619995,66.46558460848796,26.621424671108553,40.50518447294736,428.84737503178013,287.8420637641236,Industrial,South,1793.73
350.3013037965596,367.9952086371118,708.9067476323855,3313.705888147196,133.22392036950012,75.19211673596979,36.629363502842224,40.109968472821976,304.348735435523,494.3354586023142,Residential,Central,1469.85
138.964479973751,398.786697295744,1319.678526256646,2950.031547249755,189.89386579552027,31.63068651402565,32.025877781835696,43.914349762621754,289.2384959226557,183.50340261898128,Commercial,Central,1651.27
540.8333056453877,53.18742484676412,579.2948817245397,2336.6667271046867,95.541185656962,40.1277981640796,25.030867906275475,15.10116188229993,596.7348477490655,206.50211563865466,Commercial,North,1007.77
1048.8529985317434,120.2928282712362,800.8151367348663,441.3575615163727,130.12899709305992,96.00380565358118,37.91055325976707,13.587497501316081,130.8901868191758,632.6058181597137,Residential,West,1168.2
677.1639086417745,167.31953425831762,459.4315667169374,1630.2000297206632,317.0011155872019,57.345692077779276,21.519163826466997,75.24300359568748,388.79301043923346,241.98220429595878,Industrial,North,1941.88
1015.4254481110106,112.50085107817615,1293.8289831672773,5433.402638112669,129.62809490821337,50.850497709814455,19.64079889731272,37.98176976672019,236.61898036740033,219.86278206244054,Transport,South,1672.16
435.79152001010806,144.1304203609397,556.7617678118438,1075.8220374887612,197.56257851320785,98.68496922020977,24.894473064380385,11.909314974112618,330.79666040339123,224.219955548229,Transport,Central,1086.89
528.7470021620719,205.75926986917258,562.8826484093493,1045.4257554354797,209.8020209986528,22.95576318960557,23.206799109897073,17.333304091906335,214.2603366656768,319.32368491232876,Residential,North,1155.71
1612.012842439289,39.95203379390614,980.8167719087321,4671.2505936162515,168.7265069562192,39.79369100588197,25.175341927565505,27.626431711243537,304.4633410565836,289.50224696851353,Commercial,South,1510.25
448.12316522573894,202.96511397368786,240.26099013172762,1805.9893935352716,183.78245053133668,75.9883561595789,30.990453482005577,14.3391030625048,857.060752874685,211.6951468285318,Residential,South,949.52
834.8843882069068,262.4516172325337,409.19664091335596,472.1661376736612,95.6946363023288,71.31005812860445,26.830102141976607,95.15324839597695,462.965118244619,249.081440325123,Residential,West,1061.14
834.311200446594,169.2397125138612,1137.436215052717,827.9571644410678,79.36095289784973,96.6700643075882,26.958516161901073,61.15247921433914,428.6722924819122,445.8766842890953,Residential,East,1090.83
794.3611645544718,36.23691444237722,511.4418409248893,1271.7308837682162,70.10227360892513,65.43003408030842,27.29407408104452,45.46219328037411,334.9506105606769,340.0722178797415,Transport,East,1136.62
839.5177341321729,137.86945478863143,2130.7485131295844,2264.3687843921575,152.88966561977924,31.309497324868595,15.438372535126067,57.94410104674198,321.5285912409405,556.9440628921305,Transport,Central,1795.83
445.1265116093886,195.7315980979244,894.0892597039486,1673.0453555221013,127.71115025640881,39.76519670546749,19.423697460409663,20.153809077320396,345.1063842100438,262.30540381704805,Industrial,East,1458.06
552.6405905676381,271.71535352869876,326.5016869601896,1010.7969518442778,147.55973795507225,8.971292401678987,25.073443672852893,73.16610220097951,409.02723478140706,445.05137854444166,Commercial,West,1475.11
160.88708584553882,252.54964067902586,193.07014215304633,1689.3918053596283,63.59647663855514,92.37202583220797,22.785355993261312,97.26314448093564,466.8080103577159,452.63903599953846,Commercial,North,990.54
1205.8160223286518,157.58527950837257,1584.886484978242,1075.2563823034927,86.23532533198706,12.866802274619237,25.84106256426941,21.75914220212359,732.0468116266335,204.98523736032527,Commercial,South,1690.45
837.3142693491063,116.09260124091155,893.6417346366127,5626.178862509521,194.83298181235452,54.57037240764476,34.02064189804045,23.734011033170894,296.31815983544686,362.2456285535102,Commercial,Central,1605.27
477.5772003164508,161.39485496879283,757.5794299477691,792.892422415553,,40.1395124617468,26.627752513034014,66.5797046351893,590.2413426407721,308.1897194188208,Commercial,Central,1044.85
438.02093439903086,58.23643733183507,892.1435944139793,1389.2408836146064,133.72811830138417,13.422361303273744,20.38915891138507,23.673693461753945,735.7298044723341,108.06849850438105,Residential,West,897.23
1056.8619175395604,122.22717506403208,325.06346548873887,1252.6588504664428,111.3860926866425,29.29922536247981,23.034501063676633,21.344750942478925,482.59113721455276,134.4417420945734,Residential,South,887.33
462.14006635813854,296.53503481151665,813.0419455256634,1267.412883066942,82.03323883914953,63.356901590412505,35.55287954496127,70.34354358131259,319.0251781880705,325.35502155543963,Transport,North,1465.78
476.8871679617857,161.1410630531771,529.4237846945282,864.101846207893,221.14154554230453,3.125149111086578,34.66246985729508,65.6791720646095,484.00963738172135,113.3002578601317,Commercial,Central,1177.53
395.168451692693,199.93258391513504,789.8065871014653,4454.799461921012,239.4546211671657,96.59895333512928,29.979387178244412,29.59633097259814,153.46089859542735,98.69835116417433,Transport,West,1646.43
906.2352625314708,74.90966668205486,659.1272338672046,6772.424143123849,130.46377889686468,90.90956179700505,19.187584646523348,84.08610539442336,678.8939981226579,304.4847605966883,Residential,South,1198.62
1008.8956533630495,270.8007378382226,871.0159109568741,2446.20403491897,41.3133664735065,8.460144632650302,28.534024675520747,19.472576078853603,503.0441404829066,73.76904208926521,Commercial,East,1530.68
590.7667950582153,153.43752216531715,708.621681628812,2310.7270510954604,117.39658876768775,86.835354835389,28.918485495753508,39.93174093272843,313.02197064610476,168.13986345699948,Residential,West,792.83
1011.7726804561858,196.5315163180656,639.0654485781284,553.4210963081331,248.1547540624377,32.85712185482469,27.1277010419512,76.49808794232653,302.54359298136427,303.79359245961973,Residential,East,1226.06
764.9283469522886,,500.7902815245109,4388.3684994311625,87.6041634237829,6.75044485257742,24.149944721953204,65.25110891911714,171.38827630925132,278.2123683630741,Residential,Central,1207.23
383.85767559743874,265.8843541223856,333.0856218247177,1074.588970330487,98.94199428917882,30.611283429189562,25.186844780651278,64.00638578381788,537.2527984019225,278.13455266720086,Residential,North,934.92
1167.1515915817854,181.55948356851212,295.5990743468816,500.33314681399185,190.28646762613084,80.8887494217285,23.80142546406464,71.76467160524285,305.59478110256146,395.934549976269,Transport,South,1617.78
393.1892246812353,155.3087252178688,416.5121237995408,2734.2970608837586,98.06695610631475,66.58314521679223,21.27463020820488,68.1816452354874,705.7659790939895,477.16016664740636,Residential,North,984.73
610.132213259537,84.71803661649156,1097.6821579709458,3688.8108630614247,126.66400595920678,23.855960067038872,33.829939177341224,88.68436658112556,152.2864534736709,501.1110990226413,Industrial,West,1797.91
591.5434650296361,70.91505147786134,486.6845928181999,4361.5582400465855,34.48900430437468,71.91764765702419,31.411568975148477,61.189061281299594,216.24774969805628,659.9795937361739,Commercial,West,1061.6
544.8477104224386,179.71720624212887,588.8300569425693,1401.8097973517083,242.29883542812357,70.78211145105391,25.57535278708345,46.11560341254186,204.55249422847152,79.29973982326646,Commercial,Central,1018.05
239.73522684022987,,591.5298951704493,1288.7982201878383,182.33406439300376,74.28613635069439,28.76089154183885,78.94803944762631,90.07203606728791,197.44264867836878,Commercial,East,1002.34
1461.1877139473036,213.61873789932577,664.1553332393345,2191.1689423934376,213.54046333111467,54.065666766373965,28.948504451952676,33.3315725045416,87.77604053032478,162.06581412044343,Residential,North,1418.88
256.82614914407293,105.12519336721327,1012.3556828108445,1673.3566792072543,75.4655558064,81.8945652120703,38.71441779038031,78.3632832176665,443.32436500221513,670.2780665909823,Transport,East,1117.9
1199.3450780978205,122.83545356785174,705.3249099230792,2769.0144133791723,268.3380364587219,64.13622179569134,31.362843404578523,35.1985581042884,188.54955209201987,307.07796464119144,Industrial,North,1949.23
431.05578191206985,178.08054496099885,1191.0893129303065,2206.4322229244567,120.6862418235937,12.539920974439244,31.173848093640522,53.23426826058975,216.7047862811939,285.28119877439786,Industrial,West,1863.51
498.25877971252066,131.145180118415,419.0263199793736,1010.3928153023359,222.7558322825204,81.0255987755335,27.18990506534667,76.52739864165501,194.05322185213237,234.8216473755857,Commercial,West,1056.49
1147.3713322189162,489.14325956726816,1134.5280721279428,4448.883491174068,150.7981337888976,32.37681050444665,24.82788020794912,66.48933230393865,277.032143738923,228.24568569465353,Residential,Central,2018.83
801.17898757502,121.43921459213834,1499.2899316919852,2779.6642983142983,186.5391506366189,70.50347181972936,33.91355126330808,17.712014076639807,641.5635912559881,227.51339818259098,Transport,South,1713.21
328.3921816543489,204.00179556844424,808.1793474723836,3635.4828802474126,156.66332294711836,67.51317060918058,30.26136058783092,50.190370919738356,409.0388795719833,237.7942982551444,Residential,South,1116.34
325.050342299989,248.7857168533332,468.9336866016683,1023.641713982234,97.66792827569319,33.591252103670996,22.852290229728005,83.06700039714173,361.60326403401194,225.6488467811521,Residential,North,902.95
749.7034924724688,256.3821762433079,1021.4801403701476,2728.9334125462215,49.75201529951475,16.168365848868216,29.26933277169919,99.70884751340952,331.1717250854095,592.824335036327,Residential,East,1212.4
389.9403646627127,129.930743701606,814.8608787685151,3214.7364262035885,231.3122307978808,69.49580879403577,31.18693044210406,52.01181835605406,256.71122765558306,781.2730322191463,Industrial,East,1853.71
817.7988783024008,218.7762342614846,940.2208503201111,2150.258235119087,25.032704615254058,84.902335307941,16.52084521853569,17.7333150299595,258.49489250650026,757.9348775217226,Industrial,West,1975.64
854.6615490691652,205.3852815755651,1206.8666009610774,856.6693602780452,196.85602289255297,83.82313169345352,22.388066037076662,42.956713935544386,353.569310619493,105.3323216399461,Industrial,West,1989.69
452.6452746303645,223.48465040421627,679.5809531778868,2019.82885524213,231.16362362612256,62.650484186636604,28.81382413019953,54.093069788144064,609.5745309994333,210.1782788293963,Industrial,North,2042.03
510.68618384163386,176.88461112306945,628.8408653504147,3025.883247820059,57.19055481455433,22.740726973478477,17.37769348085622,16.60856754676309,248.09048238399916,69.14852921164658,Residential,South,850.95
760.5195932421985,249.67052939577692,2324.738182163683,3789.8672247603276,100.58400117944574,31.620996730295115,18.16934417057353,87.78330849312054,510.1143260390824,90.7006647262571,Transport,East,2157.43
443.36012660055314,187.63272797298382,1027.5201843521638,594.3823716484313,53.459882832289814,75.46276809393765,25.647691298028693,58.49119944164127,198.1898049156578,771.6645902503036,Commercial,South,933.55
677.5847294942056,78.96164733762852,1302.3585310108149,2122.2603481475,89.99283996474128,41.08539297069278,29.457721295474713,47.450403769723,441.7988232093237,356.8003190034469,Industrial,North,1754.83
1656.1926394018092,184.80256489662452,1175.1049814571406,708.7699737438021,211.80832471848973,73.24974184681805,29.68891853450559,45.74660541498971,598.7671357600619,439.14861956329173,Residential,Central,1646.61
776.5987276864321,195.84100168547266,1309.725571472298,3050.814522186111,185.47824142446794,30.944999259312567,34.91199776345731,12.547768316008604,319.4715431616056,273.60410535193915,Transport,West,2030.0
548.3464319085198,241.04991425596668,954.960160844338,3558.694053616168,173.1368822348762,0.6318246536731964,27.411319439447496,56.69880592602663,257.60106418893616,285.9104462880842,Residential,East,1369.59
1527.99577987666,179.82650627913046,1238.0736677944221,954.7296037778298,100.9614601121687,60.34900646563243,25.136735732697392,52.801847348605456,441.04627019814217,527.6142864036412,Residential,South,1458.32
934.7754924614208,372.40212425934743,590.6110467387385,824.296978272909,26.939665463404,60.091635510540065,20.463202069223758,41.129673133673506,673.2352977982538,305.5605494556496,Commercial,Central,1610.23
394.44803562421777,158.12781915076604,328.5269054581691,1245.2326285516706,62.00044190675439,62.75546827799966,25.07686191786482,69.28095627152531,499.90667840020313,312.07871077541586,Residential,North,886.84
430.0763038880544,126.39111111547996,518.4531836620007,1715.6827568036013,111.38083039374766,26.818563576848188,30.537646539983637,46.99290206512441,714.8105989471517,420.7159438633852,Residential,East,1082.85
272.3707936339183,315.56769082278066,759.7667657022052,1129.4951435969654,69.83508627395946,81.10709503115889,30.763611017435593,61.45876034548433,333.6966123142555,395.6783626276269,Industrial,Central,1682.96
754.400760797392,155.9091423881422,713.3329411329609,3222.1917349065934,197.90839961244845,48.74668388303653,28.323095033642463,89.65381823113331,324.347588452329,300.18284222662777,Commercial,Central,1406.14
217.4985196856261,171.4410104985403,817.0267995772331,3801.9566604604847,272.562260283462,76.23879089848471,29.735574676473583,42.749803082625746,160.51758817973945,231.73454432757427,Transport,South,1362.9
1527.1464251244138,195.88243511244062,573.7909135463125,2064.5226416483047,150.20569100077972,61.10934643762646,33.38191779537296,45.81314557196937,252.4488384627462,222.51202505370765,Residential,West,1455.55
578.5605317329005,187.70574960083056,258.66461767582115,1156.9747183359768,56.78438251086965,41.60708148023207,27.37635921559979,87.93135741401599,313.41580634482676,504.9606550825139,Industrial,North,1632.4
960.2598380592053,222.59781118803588,670.5448901600633,1673.835359840394,235.5418906264854,67.9626846640612,33.83659418875117,42.228453721406375,327.7833170420098,315.5296264060341,Commercial,North,1480.77
554.8463932543564,234.06744714915803,391.912311954282,2064.167403200148,133.78366480836982,57.497735601205555,23.36676580350327,49.54266091618159,437.4160897345252,195.08700003739975,Industrial,South,1574.24
748.5320808212313,120.41693646486355,800.8233275400596,1624.6300822660799,124.56554578644783,51.07111333978873,26.633544777297548,82.07310001224353,264.6788313892875,463.901367161102,Commercial,Central,1135.24
613.9071964816122,88.78998788000686,975.9022106833033,1817.0560501934108,165.8899817769848,64.85605259193069,24.595833850697897,63.268021215228686,272.0505407143983,297.32416919144356,Commercial,West,1102.88
668.8853510131884,94.79214642874226,664.3479079016946,3617.2846058749915,63.52616969714994,8.593897636692937,30.96352565869504,94.04972638932378,770.3747501556961,102.90480450011373,Transport,East,1476.68
1091.6519319674462,298.53938724803226,454.2539233136911,1103.6641226205952,101.85994181724769,91.02610893554288,21.927577767042756,52.3596646155006,92.06469773010758,201.41961433862792,Residential,South,1015.85
1323.3617200061367,149.31320680771077,836.458551345475,5907.753409525101,120.13815209706644,33.508204608236035,25.391172622482546,53.112376754214225,107.36377291829628,297.83902293414747,Residential,North,1659.36
1277.3597303001357,247.6842259465683,2384.709543717641,2104.759768342885,143.66136128036297,22.46929635870294,17.701617545886734,13.863553364483113,213.26557685939795,116.82498434797847,Industrial,South,2296.85
2225.92642565829,237.2156284600003,1027.306782106488,1565.9630065122722,151.14622939212538,77.17963576761781,29.971880427849307,27.757284729563498,104.4187517430287,347.9671050022626,Industrial,North,2830.61
466.2410862840555,171.422636093814,1062.3765626088973,1084.065756242619,165.74370652473223,23.122188709251823,33.23395137862742,58.599938444661184,117.19570802379774,378.6476017765131,Residential,North,938.96
780.9848561902618,104.26686530849364,631.4882802727651,1153.0156030776864,91.31874471482433,99.576962320106,31.553539756500484,26.839957327403784,280.05976031716824,484.8457651496853,Commercial,West,1132.08
471.3242068972138,240.06524569079457,537.7524590225445,1937.9351791126935,43.97078393026546,42.0492541563443,31.063138067348888,50.82250561140686,382.7618208193921,330.4466947157863,Transport,North,1492.4
1071.734433049046,168.45609486955178,1311.0882424140482,2095.1538960093158,110.79173994493719,29.662440866314334,31.197001979899742,35.498546211480814,275.0004720560788,207.4814223017146,Industrial,North,2135.36
403.66191239035356,85.62681056491921,207.61990642006265,1528.1621612195806,118.13830450650175,6.206507262607353,30.498469142182525,11.87319976395154,393.1481291599991,104.95985190199333,Transport,East,1066.88
1100.107449748787,131.72472632104243,565.118592026536,704.2620741841661,42.768974206155406,4.180417736382013,30.071978112530395,52.75984847850243,467.9893490506383,102.09787807483485,Commercial,South,1056.84
717.1043249096244,67.54629307684297,1653.2468778900525,1938.164288459146,88.63119124794403,9.514056114036794,30.394567288143133,68.16429840284064,363.1274494394502,270.28437582199,Industrial,East,1724.39
629.8090384220438,135.01955109777384,778.074752867083,1168.4629499159864,137.00472020221696,0.5032828812111867,23.721589350462207,40.44103268171195,392.65886199937347,270.18193921229505,Residential,North,989.66
662.7948992025629,175.9519738706248,351.1806477522064,470.5499450455417,96.20827508654953,32.70899794059403,25.999032782400768,79.88742653762918,291.34122526577335,114.25940274245158,Transport,South,1104.44
369.52922155430485,159.41615689328884,989.1218013144913,2836.7324568709423,134.1645881345145,31.045440010080593,27.351216303542564,23.144853771513866,264.4074665441669,343.4655291875753,Commercial,East,1264.51
384.7475963881517,149.7353815970094,666.4170460164808,533.9027889338672,93.9608214788412,43.00917454385892,25.32147430650243,18.21625618798918,99.40085643259818,233.68600381816907,Industrial,West,1010.95
722.842771044209,175.02996886017743,308.9941909526736,1483.3250028117338,171.93049540742018,23.29229232410981,19.1684518198258,94.13573446414564,478.7512626085082,170.55322905327958,Commercial,East,1444.12
720.6487803929816,215.9841121447685,904.3378530991448,1784.1828211309746,72.96128817645767,6.274115794411983,20.82495506553031,92.94908929363103,355.7208120868961,144.95801078187066,Commercial,East,1302.39
481.3820496996055,257.44379081647674,842.9117769393514,4117.3089408107335,125.38019071496821,7.116252795294875,28.14988057511737,46.588982365471495,379.4197562525398,595.5334731388286,Industrial,East,1986.54
575.6668298703592,274.5356145697524,820.4305586745852,492.3224657828323,128.55492358314552,18.214637530518296,31.52887954360959,47.793869924311224,156.48575302165358,95.08338310616068,Commercial,South,1101.13
810.3522045746412,113.21722504100391,1020.6255061047697,3029.4096377452565,194.0793270528455,31.65895268691147,27.04670954579853,86.59320218175984,219.5674772774322,676.7059315917373,Transport,South,1581.68
442.2266446209861,287.80666265892717,439.1521585815764,3327.0684278838935,104.73381322131269,14.79920502155123,40.82410930927097,57.74690062413637,284.11575399990227,176.25387414811337,Commercial,East,1309.19
256.1579368787132,168.59018678279523,946.4337179651734,4879.42505467075,270.644065331042,36.51178236144293,22.40118784922365,20.54024094404785,187.86867653207764,708.8518118530874,Industrial,North,1822.89
1225.2008736580917,141.27748665666041,871.2332906335247,3720.3725311819926,265.4790955575055,92.22201533621983,29.22471071032849,20.338609844620134,360.63357457318534,108.33635394296326,Residential,West,1505.23
745.6211315319757,96.40133472963892,1298.5783355357373,1823.7159881805053,75.65700168509818,26.16030095296168,33.456013053247204,21.80176644787261,349.37283108447565,359.71227608435703,Commercial,West,1221.0
522.0843168413431,34.29643331134106,561.4257982288547,3113.52144010095,123.48092214028411,16.83993170126469,32.32838560582789,80.26886839020008,339.42443852758305,538.3724717341607,Commercial,South,1031.32
470.6496715472827,208.56808304181348,1402.212655710133,4239.147238090749,60.17702978155305,66.47762530022318,30.27533430887309,64.17066390340986,475.5320117432895,544.3976666903105,Residential,South,1091.6
440.1776148605285,204.59161098620686,1165.8361264056764,387.8850501203619,159.26192027826517,49.08810379606986,32.35126986921055,36.97895719981645,364.4567608510244,358.76019044651787,Residential,South,1199.0
1069.8451106681991,125.46218761604842,763.7471173715853,699.2930816271147,95.48818713299526,4.725401580925714,27.2769717382885,24.58660783629245,576.8140846244077,332.932237688189,Industrial,West,1996.54
339.3492486299985,127.42007062233824,820.195220922124,2236.0087412522153,132.83788891565192,78.78073311663888,35.31440872410275,21.111716857059903,370.09552017202634,124.58970183747226,Industrial,West,1433.86
780.0877232161,156.431345931984,217.96174952490614,3303.695450042228,109.26190746084762,71.53429718537761,33.41579553177131,76.72487579058804,240.58305253894,465.3954934164834,Industrial,North,1785.79
779.7901208509899,140.01127671617874,809.465906171648,2772.9578753416477,414.4144113134124,97.72983617403412,22.738861996447266,89.72763126481951,325.0305119736188,511.82637015723,Residential,East,1236.22
913.5285424168057,110.44915883503114,1129.2247587422858,2366.3539954763064,115.97484072533854,93.83066195622956,28.607839688171932,57.79705480040972,77.69930444610362,301.2452220734303,Residential,North,1009.6
545.474861230416,90.55815435345939,708.6777250881504,4837.872050025713,110.66362415034715,58.4248293625244,19.26351685236574,79.54390874665893,381.42587592499495,326.72616522417536,Residential,East,1160.99
1178.5772459161578,289.3838193053176,1297.1047755194925,1526.11349758349,200.46530837760287,68.60212935806126,34.60894486617855,35.481556449247826,222.75795786073786,972.9740970527646,Industrial,South,2507.33
925.5596693049013,131.37167900311647,996.9328385444609,1133.8292153021496,214.9009981104049,40.950682398682716,28.12115720515867,62.70974141086765,345.6330159847119,132.18296846573222,Transport,South,1458.77
536.9239809852104,204.0182517306221,1881.9627854303885,1330.0480197387126,142.82404448069042,88.84671865290466,33.74386422033506,49.42349630606283,238.94606019397827,364.1067214690312,Residential,East,1151.06
460.28045563341084,223.96975911084917,580.951594444679,2266.3000887160147,217.90523605011086,55.28088251993479,26.45321247616085,17.892477296226303,187.9406838783642,459.51692310537857,Industrial,South,1772.26
614.6857441136937,209.0745839048148,1080.2521851775252,1778.3347112412557,379.13049569587673,32.55513263350455,17.718662506173445,53.86300970272821,656.8230908705744,100.71012754842542,Residential,South,1326.55
528.6048467865071,229.959745112798,397.87298213458405,3418.8550089922905,106.21949221784102,0.9491491909582539,40.18683770534996,86.21080740990618,236.83262725900994,106.81298098388979,Residential,West,1044.09
424.9325782870334,207.91878755939635,739.6727319426996,1180.1420757533194,64.29127245837782,58.64497649769997,27.655442735936198,14.660426604339547,216.8588526221237,194.79280878277874,Residential,Central,1054.65
676.2103625474172,119.21120503454057,1023.7423072592122,2456.586976567749,153.04614964842472,52.543389051489456,21.998956882991003,52.939537927404,445.5794166056939,203.86030086569065,Residential,North,976.26
577.4168900851678,144.12482482512607,1110.8898813685717,3120.293477853995,207.71946071204718,81.18771778631032,32.72881144195444,88.59367684549316,279.98675086338864,186.94703803705565,Industrial,South,1661.67
1303.3513786251085,285.57563161361816,682.6691622044194,4237.4451290002135,259.6399719501188,18.70046263066364,37.17928640622148,81.10647365289792,228.58735481936165,208.0742904396809,Transport,Central,2234.19
528.207343690489,129.3713915248772,1360.983715808645,802.0005686049868,167.13331390525028,81.54012678473413,25.987809127714932,54.41049816999845,451.18558664837167,211.27756454087844,Residential,East,938.43
458.31273035705453,168.71271842771893,1494.6608174756836,1311.9589588049444,126.99156485823927,1.5283610255563573,26.50378794636514,25.421017533731863,320.58838470398007,298.8152666894948,Commercial,South,1073.07
656.4371870933761,216.45372185917196,584.2514613561037,1692.068506927803,81.89825348393398,58.73133776997324,28.190231173557898,86.36735766623495,477.89052511008373,173.31193584884625,Industrial,East,1642.5
735.0360193885929,336.43170714831774,750.657452640587,624.7449991668185,231.78956292641527,39.68524012448811,21.4451468422395,23.782112411915946,585.9698320516421,253.6997518632952,Transport,North,2111.31
760.3939453439225,273.16975934289655,713.9193976789575,2354.306872956565,146.63636536630756,33.15205213423917,23.54666275209315,34.913864187739165,276.7274855058609,290.8543679129486,Industrial,North,1909.09
757.069448171962,102.00080705257189,631.2458860224515,2331.0939440229104,44.648553964859765,43.32959671667206,35.90962932182511,21.184767230701087,434.640390341052,234.7249333256638,Residential,West,1097.41
666.5624216962547,200.80376405687724,1452.1051843080772,2204.0434849905855,316.6374880475363,22.359148619907266,26.338967810502425,51.31082029851106,598.190287643998,363.7022639593213,Industrial,East,2516.95
644.6983519639292,189.40397224744976,1444.5044110477284,1623.1246901223456,66.55512707312897,18.342565309997518,22.81221510987395,66.62781351753858,669.2590577587764,578.3542018811419,Residential,West,1407.7
856.8305231326747,144.77097082229722,725.4035158798264,3956.6025537090336,209.6834753864265,80.51068840014496,24.739790518183625,84.44064798871675,250.31538778579437,129.21486247618742,Transport,South,1504.77
406.58906346345,171.217264261196,1077.849351563743,1335.5847926310628,140.51426080671166,22.775830023064735,32.36411843665067,51.52038475436707,508.6010017456044,165.33699000750462,Commercial,Central,1219.82
459.86719649730196,118.59206027496184,1290.2695032366612,3736.040152934636,46.74496344136292,73.6971994496366,17.120515574375304,97.36482444266707,108.13816783478185,428.50334094273927,Industrial,East,1589.56
297.35647147400755,154.99098620093204,909.9862468050684,1314.6386419393618,119.40203448891907,71.13605444426324,28.273249486769245,63.62712887096965,367.80819929833524,340.05081566145776,Residential,West,766.49
409.7852964083099,130.00030527017654,699.3683872961059,785.0195229820314,106.37934483005274,3.3400415707002473,39.31109372521231,64.39690317475682,166.79979915676122,445.8635912016225,Commercial,North,1084.91
1023.1041061087483,177.74780422312188,563.8728430579532,1834.0229822432834,53.44012854099325,88.10724201875452,37.155313136445145,25.775922666370192,276.75736249222024,414.1578953817847,Transport,North,1472.95
840.7583293070248,142.03535781402363,1124.7028260179272,2066.773121481966,159.05456357028598,78.93551300933804,29.866013904093364,27.110443106808678,801.0897439141996,206.83241837474154,Industrial,West,2221.13
1381.2127935939338,348.9636137801156,415.34504704559794,2481.718742322337,194.96345518481115,79.60672494233843,33.582213050219906,61.896354137515026,482.14503230682055,600.9352236840832,Commercial,Central,2015.94
1233.2320712919623,180.7054878345612,708.3896570297577,285.05074518018745,123.75294422157137,80.91910522190268,33.53413142398138,74.87914633798893,168.78969431301485,608.4580143182984,Transport,Central,1703.64
843.9552125187961,163.6440862469034,650.9266497604614,1506.0502888393287,104.86934671804102,58.25532290750638,26.370739982554507,28.42360188830174,195.46969640863105,168.4200246082927,Transport,South,1084.79
700.2600792824618,150.79543592622892,401.89026113479724,5652.775362807659,165.22370682777336,99.33808668877622,31.623969016821533,53.561590992333414,531.1014442388757,559.4824535571006,Residential,North,1176.38
662.1553161630795,142.23227701635346,778.7908715584331,1246.8295673329476,20.82171468190431,17.915214047745508,35.94291509393678,42.05800551773475,523.3530953626688,589.4978204127049,Commercial,Central,1178.26
210.39466816236504,85.6383574276475,743.0766152472949,3332.3246506563596,98.62532429082202,7.233593094167478,20.681188784379344,49.48873804736117,535.789282232152,697.6358162117721,Commercial,West,1282.62
629.1094356147637,247.39587722509228,506.7116404259431,9080.925217091186,102.58625069651494,70.4167472379422,29.883254387407984,29.99178442138182,367.0247682231742,418.529408505404,Industrial,South,2214.51
498.1005189700333,315.7903852492743,1427.079692714809,6279.952649238845,125.84992238582939,29.39372373956862,28.807377240442758,22.66505776291128,481.1748252344806,245.60946041045665,Residential,West,1714.9
418.5942399080299,128.97252201487905,1128.2715441212094,880.369997365839,51.462991708274444,60.82332239300528,27.515822424871057,38.84509261484837,282.793997056104,199.24768784907178,Residential,Central,828.8
784.3606562045118,284.8510830618639,826.3351314227015,3160.799770608686,37.30934476022088,39.17016129388426,27.0731665283269,88.20250001552387,277.02504093131085,245.6534842541189,Transport,South,1550.89
594.7984731353092,486.7108053719684,1206.6105685333864,3284.1195770529785,70.23581274869787,33.35241585010035,28.158349862652145,82.47031835578896,357.85666618270994,140.46830151195795,Transport,West,2371.96
680.6013149028288,400.06996014828496,1336.0414352619468,2851.496169272027,157.79716158364215,89.32486245948724,28.577860989247423,19.148872034144123,226.70261259707587,367.7710712666231,Industrial,West,2558.14
389.30434137363176,308.97638352241324,1456.4321817298821,770.896023386268,101.6555349981133,14.20434586119319,32.59307646431589,17.902766105232473,209.5074154727179,269.1450159884945,Transport,East,1563.95
943.2499873831845,91.61869898813818,579.2868339355438,2192.667375328964,69.97133032704899,18.898565439364912,29.3825733161359,54.365610593713974,422.4201394606595,125.18674107513658,Industrial,West,1633.83
527.0280226267091,91.03610941799018,1206.3979210200662,2182.898816727714,291.89348204006285,66.78408528700807,26.11061702661814,34.96439819255299,439.0918909566456,201.72183438759404,Industrial,South,1581.5
765.8326661502299,229.41313995300763,744.5563421617082,687.2821549019206,104.81939855001258,78.26010127651298,22.800392712544856,84.1083215510134,211.94982676674806,536.1584514634837,Industrial,Central,1715.05
547.780099182949,169.55358282736225,895.566111286773,1565.3648293668148,126.24699750579684,83.22144919849215,24.63778741086481,53.756306162146096,251.0267973347414,371.3510263358517,Commercial,Central,1093.67
190.0852498200493,51.12291224192749,593.6678600386398,2256.382034321143,230.03473951371845,23.11497163422519,28.305830514395154,86.74369664066785,395.9494617266304,189.0146661052935,Commercial,Central,831.96
798.5130950812103,136.71007276160202,808.3202536803315,1798.049611534725,135.82893260311357,88.2113418289454,23.469646310588363,19.737893677813943,381.2086757909546,688.3607760184536,Residential,West,1171.47
612.7038205133258,224.4732775089041,1214.3513010111583,2983.1900423359366,164.3916509835689,60.95506564245553,31.729385443573108,97.30693690556011,367.21837768003275,345.7546516518711,Industrial,North,2166.87
286.91430617078953,156.12852509723834,1623.6322510107075,1538.3412686609547,79.66827461388887,82.32184189140432,29.150275703364276,79.03912078697014,216.9043353680517,149.45926890811558,Residential,South,706.49
366.4097071131221,169.9717130531246,771.6735911627296,2047.9975302679943,129.81225868055537,6.852194020321967,32.71763710028505,75.86889067594323,850.5376947653713,246.34553180851682,Residential,East,1170.3
955.5561688536751,90.96183936243575,514.9352496620214,3465.03456258976,273.2933464233159,35.68943359854215,23.805903895164867,94.61945451085258,265.63296460456786,120.08759741363022,Commercial,Central,1313.96
294.1290169123204,135.80566497367857,1733.6993826351975,5251.729666208083,153.89425164752717,52.48639844906688,22.844661676758754,52.327246620265626,403.22059773899593,600.4238302184918,Commercial,East,1494.07
520.6139659667302,229.88771012015127,568.2253847618931,757.6425953916771,142.71380963412278,57.69570325822859,32.68028613133833,23.40000226556662,187.52519305950494,453.40541283022355,Residential,East,949.92
1435.649367187512,132.4016854041871,332.7024418755202,2912.674214221747,110.39327936130977,9.907155407370617,27.64976978333777,54.72106712569685,320.65984862722974,193.60840974520323,Industrial,North,2179.71
807.7121706527255,295.9967896889571,616.9022840666856,1371.0897849318262,59.6711391376731,53.865824460217546,25.98741435549055,83.3701455469503,209.5741645309877,87.21783034589386,Transport,West,1694.52
897.0234791678251,,230.04084784280454,2501.992019838534,217.68497868973648,66.54864330930246,30.49330247826198,87.35886630690709,260.6714494013601,449.59526556007745,Residential,South,1028.25
571.332519291866,208.18451127846348,1306.3506999281533,712.5468814182967,121.08556311157653,36.15950857646727,30.307246193228636,53.969113506504954,370.287512213505,339.91617665919387,Residential,North,1215.21
274.1285574360501,227.35768852365393,297.7084631619537,4008.1621019594204,86.03742000792052,50.07392442806308,20.72118131633354,75.90719981568643,572.2712855342747,554.2266984127227,Residential,Central,1204.91
710.061104765993,222.94455828189336,549.6951477239515,1078.0194920959357,55.94167528483491,29.25664216440599,33.92322561543045,32.2257430215269,248.12207526110666,68.3941751451789,Industrial,North,1488.15
379.07516887131715,100.43463864341805,449.3682540797075,3503.927904193936,146.49552951357606,87.05002718719854,24.947965282923132,30.749233771888925,362.25405436156746,427.0463457042878,Industrial,North,1334.65
361.17008915415414,110.02373390790423,857.0373779623714,790.6889091039646,65.2838356660729,59.920660669002636,35.500090238709525,62.76335971447613,400.88265961399077,285.0898274143483,Residential,North,850.08
673.4928313057876,50.541632213669125,1623.9907290961753,597.3415799479151,218.64824805613085,55.12738961358957,20.332256932181686,47.95760518818397,447.99327930447083,835.7794054949779,Industrial,East,1723.55
392.12976967094187,143.86798059156663,1005.4682817963898,1650.3878089777138,88.84672615744493,94.43574258777102,28.586994412401555,24.494716847988748,125.60298466830017,142.58752939925313,Residential,North,703.48
638.7795511810738,105.66367674388329,411.8403489272367,2206.510625009532,131.29226911324346,66.49315236601092,26.07189399530762,78.52262435455413,477.1448660699348,474.72041594955607,Commercial,Central,1032.04
467.1445243059239,130.3693370839493,2009.6454797004644,6623.2242040747815,152.35098148455512,27.982344153942805,17.12382661782908,57.89327029533658,402.92570938643973,432.6226206606146,Transport,East,1969.41
628.7501474588046,151.46112851900236,951.3373635427752,2171.8401919176017,143.4893563472562,64.17530811939493,30.291039890258315,56.835307667490206,366.96201354157387,123.91952923918592,Residential,South,902.91
504.96551150115783,183.13735451531272,1246.4926637990172,878.5834964751514,195.2899674329777,96.16234566532215,17.380314866274972,27.03785677117118,824.904651508933,252.19337473229487,Residential,North,1203.11
636.6986794241525,157.31076148746365,366.1230628458414,3157.53576433005,93.3811452430033,2.3558255927298544,25.54166569516487,31.702657263933446,234.34098044011895,402.0894408003516,Commercial,East,1103.57
1187.5136828320694,155.85764768384684,1852.2362762476932,4419.201394953336,126.70609013858298,62.659100701099426,32.52137738858094,72.34370959444001,381.7417694821526,194.1174451894656,Industrial,North,2618.49
906.0740546956026,200.15009894394066,676.4723711819678,1033.5170736569492,168.94461511617067,15.683496088644933,24.349820113524807,86.67127742512136,745.265373781252,197.38137749101003,Transport,Central,1668.25
604.7360470981345,166.2700782658794,349.9801094392694,3424.9366565160394,260.11457368737047,81.64595110663893,22.4813292424224,25.949093213288236,543.9067474548905,503.58664279727094,Transport,South,1425.54
1102.9665616521359,256.21275382326627,904.585769635514,4082.4372944739935,188.32067587738348,64.0684529641257,31.00178235281005,83.11111490747636,276.1195898925154,737.2165383668021,Residential,East,1519.82
770.749027167466,166.53430490175447,1246.217844363757,3205.30008147674,206.10484856726492,93.69894929695664,25.752409747353003,80.92856502034746,364.5455211398931,481.081331803028,Residential,North,1432.57
1069.1613268483209,337.44067617714853,1075.2888802883458,1201.0713082958957,106.25196433228255,66.95778620974299,24.97470152655089,83.3420636717795,369.62490052146507,130.28662150385318,Industrial,North,2450.26
310.78378939121353,98.28504670540477,1066.608888976808,2221.8533620298567,153.85225448907204,1.7218893157644688,33.374962385846615,62.35694325026479,294.8588270669217,42.599330572950365,Residential,South,911.43
394.3247444177016,142.56863683146722,1031.6233437723831,2499.961093824845,,51.03538444008343,21.163606324227114,41.66578168216762,171.64419540292343,154.87254793666307,Transport,North,1258.15
706.3153386449324,119.72096004772322,867.0389489384792,3936.314095634321,123.42413920997512,,24.70196372264789,79.39188294571389,278.27634966858557,424.8549066636921,Industrial,West,1796.93
597.8968909780574,186.64257498615513,365.37638571251125,1260.306735172981,154.31693179957267,23.23030041713291,31.332235055348853,53.195087941483294,416.1447131785112,451.9284631562135,Residential,Central,1269.04
637.3884753213048,98.25089933373863,739.3039472524481,3478.09812442892,48.40229101104382,8.289640417988487,20.84026322245241,29.967767326472735,275.42112306488315,238.82387286105796,Industrial,Central,1367.38
826.6747568159152,,691.5174666200511,1755.431845523864,177.2235849873594,71.98878692218418,35.87673579868097,46.21480841414813,320.5783646614916,153.43644221811715,Residential,South,1128.52
709.5077500213239,75.31150549105296,1459.1122950231725,1506.1488801174983,141.93611069168557,50.25085669391199,25.915762574666136,51.19451571523142,575.3645336455203,251.01757853997003,Commercial,West,1339.98
944.7707140266601,108.2919614342657,1307.2381132267546,1999.0577401068133,171.33298630694182,4.759526139470161,31.372636907061825,55.48106375125294,321.49111611483573,99.2813131506397,Commercial,East,1452.07
933.2912573198342,78.30388281591699,648.4507833751452,235.62023875415554,107.60789174485514,27.991523243942407,31.36217589011271,90.78072178679064,330.8476762679577,27.022590146503063,Commercial,North,1102.08
403.33811952458257,152.47198287115054,1156.7548467821453,323.72895581841675,41.55751616725686,32.67486476430953,26.238560380187863,47.00485113186415,350.05685798501827,352.0955964162118,Industrial,North,1314.45
193.8488303316771,182.8775165856575,789.5951765944421,418.71056617279834,181.45482096425076,66.78614779875019,24.604939440767204,35.63297353369177,264.0020707432802,331.1100380622232,Industrial,East,1260.62
390.7983527478902,69.11775986802233,333.44964230124174,2571.10874321917,85.61098810199307,47.16002207107661,26.78517719022902,96.6113161922171,483.88152044995786,147.47340641422397,Transport,East,949.04
378.5879879370368,138.1003208882176,219.43180746161343,1627.3208668591963,51.670685209871365,48.71903265610852,30.563421237451877,31.775337183798168,187.8112032754812,485.5447045221156,Transport,North,917.11
659.1960639509417,272.81277370450704,1094.1503474164197,1203.807626050179,136.96281995641954,80.66036995945774,22.067875780195713,11.000466166788287,263.3824991572615,305.57895690893537,Commercial,Central,1256.23
655.3722064818498,310.96205421861066,478.18218530354414,1881.8073840551413,276.95415382078727,27.841709850146312,20.983707056344482,86.48389163091028,365.40123473614557,184.5480212611464,Residential,West,1628.66
581.4748524169315,238.73782651804947,477.1174184590712,3528.2958893073333,78.61602152560134,67.2572741575309,34.421013608768114,95.90011936913417,283.17196033665846,359.6479675220069,Industrial,East,1762.38
784.0216237784529,39.2129496981308,575.9798145140583,1823.4265917875553,87.53352841327758,36.755730482872494,23.325724647835518,71.39187527256269,641.4400557657888,824.7077773759252,Transport,Central,1329.58
1720.7618827262081,174.78517922016275,1105.2553391839201,859.9784167587928,186.03578268030248,41.837004754660434,28.770419410142015,46.68846887729087,332.30645402854157,103.43216632879255,Residential,Central,1467.01
575.6435516115134,288.18956198838765,1315.3706074364331,7266.550691519678,112.97363481044613,55.590241317076085,25.988978955504486,58.937921667487316,328.2122478606873,856.6654117096289,Commercial,Central,1896.91
719.606392436547,131.08340017851623,1302.5921926056656,1946.2852686071908,181.1340978839295,69.56468048022921,26.21067194388294,84.88014139869907,211.67967261190788,303.61268632470035,Commercial,South,1253.65
637.3235178999948,86.44225181041706,312.2684180358787,4104.559750647672,109.78321029546615,94.51952608993744,34.15194860693823,89.68062969519357,285.82631358393104,405.0381972553247,Residential,Central,868.16
483.9379787821154,277.7670522816863,563.8759888519087,3224.015562575674,100.61800177943476,26.901116255827297,26.574154061212383,19.22732980398278,474.52372677707154,421.4524126976787,Industrial,East,2058.29
830.1009064920445,297.5193663787381,519.4514380844198,1436.892403544998,80.76422702085901,10.374521964207538,25.215869358910613,88.11970455169035,239.84115619835,187.93069947603297,Commercial,West,1551.53
562.6392671041157,165.6676988335925,1104.8910857716403,5205.4994770302,148.36642074959394,42.87919226726037,25.651421818625536,65.56148345946849,140.94292298452424,235.85765103752536,Industrial,Central,1798.13
436.08281939130467,86.88149190116167,568.3038288143177,1276.4417270655847,80.48156755377805,54.671599881767285,24.48270790461247,12.905069692239707,307.94374961442435,584.0780661135548,Industrial,North,1156.55
451.692988302804,64.22365131374383,762.8009667707408,2542.282109149327,97.38171269607386,22.800360403922316,23.64954653687478,19.76371323133572,339.3085844902612,640.0008093169312,Industrial,East,1469.87
959.915861122317,195.91863639692852,1150.6562782395781,2328.2574286604768,216.89482115565167,89.0495773964752,24.5027656854206,14.098079234231944,271.4673044965846,269.6229330865167,Commercial,North,1581.08
820.9448974217148,120.24567875379282,832.7263898372626,2472.2208886301787,336.06487054657873,79.8847015879557,35.316050564443074,95.37027153268977,579.2116896282358,752.6452675613097,Residential,South,1255.38
509.2125660470756,160.52196295067557,949.540702086227,4678.9900128548925,157.9608492268983,49.36639134421939,30.557444135302127,48.386611240001606,800.1672988320599,285.711516596624,Industrial,East,2171.72
778.2871015167946,152.062478613907,749.7253783399128,1980.4926328104646,221.11392591273443,45.006393303558866,25.274017255701636,74.40540677720658,364.32903549016453,460.35189180135404,Industrial,Central,1823.78
640.7371924153005,105.27427625125901,1253.4525797113017,2236.129328190789,103.69029634803813,4.074125670461248,31.90827817309411,10.154560721312002,284.5044948482014,196.97700864104252,Commercial,Central,1226.64
725.1926019677234,62.241433014041334,1310.5156438345618,2309.2452341566927,111.16694880754922,53.68897327762764,19.06403099306315,81.38547699179864,416.2425850516091,444.20219686110227,Transport,South,1086.95
478.0111432349257,132.85955561498113,1031.4103148147185,6454.587846251191,140.26698967762397,59.574709542388725,33.87839175857835,53.383184858198476,580.9953627262659,257.412561830955,Residential,South,1141.88
384.3592436056186,178.17123158101433,1312.9364668085004,3915.003745955148,86.31492852324342,89.16317814524498,33.47577884913461,93.12424027864107,248.40010737482095,947.9083608880466,Transport,East,1737.21
561.1884931473758,182.2971594766197,2313.4082776247556,572.8115355878847,99.85737583516655,50.10980657464822,38.1816700701182,56.88077421296713,463.4682274192136,371.06038927722363,Residential,Central,1240.05
416.4118923023391,116.28645289760034,1141.5462994703198,1311.6383518274138,178.03141588667228,15.737742267812926,32.057757195393286,80.99201343016446,307.8080037962429,707.4465531151011,Residential,Central,1098.05
401.72959207625723,294.5891765476892,802.0522918433121,2073.4692137124916,128.23504738058017,18.005690122334894,29.18617271932586,66.65200222242848,529.360418131594,336.42878025202424,Commercial,South,1299.36
319.84125691996036,91.61781194902737,959.6884689662688,4619.979951411355,117.37159764391618,15.986741852343089,33.455701924340744,56.8484625375656,211.7246898863767,306.6013340939942,Residential,North,992.02
194.64151821336446,33.335487300436554,1373.5814566650645,4896.173141258866,114.39907775368702,93.85348740555611,23.870952843132017,95.34197699816514,613.1351878587063,331.8764696206136,Residential,West,978.38
513.427343970961,262.43640787478154,672.5580192037075,1903.0441353173965,70.53273551518289,79.33892573604072,25.02291754148925,54.60392999128372,369.66824949121036,799.8457776617727,Residential,South,1107.13
1039.729051198332,175.37032863377382,646.6506613359765,1280.664064261332,137.6017281131605,82.47661263200537,26.678775907732806,90.31495284767591,415.6910650421564,229.72742707254613,Commercial,North,1609.5
925.2104595119388,133.45553048619638,952.1893589453477,1726.404256022484,86.34765080129404,84.0433518810454,33.844407654501964,13.246986712138208,195.8901030170636,927.2164847517416,Industrial,North,2009.51
1267.265837875603,208.42839922124332,795.1536870269331,2123.7688403416964,48.10094989929376,9.563464258992527,22.72060823608883,69.16769607242064,193.16394113163295,499.4452341984231,Residential,East,1396.97
393.42694360990845,147.53745204494058,516.8702109579289,1646.001913616049,64.9632899488927,70.21768561816121,22.189691512151704,92.04954213107308,386.2953968284096,778.3548105751521,Industrial,South,1402.09
854.1088365852264,74.77406887659463,885.0969272113527,4168.273285869858,115.53193726810349,70.43367125220252,28.182690391035084,90.93477965376465,421.34522502058945,154.32656317474928,Industrial,East,1640.91
603.4449040986274,88.04371191839536,1501.7886288565992,1537.257875545256,170.76904316923648,22.482170793074495,30.58765248537933,53.65482674548154,295.87238317499566,454.60884791421347,Residential,South,964.61
452.05492591781746,142.7669749776172,1015.6737051072151,1044.0095990148668,193.41109172418567,49.06657702392374,23.484597120299618,52.488744937271235,440.8592502258554,596.9539725276829,Residential,West,996.73
986.6619296563034,124.5901565242874,465.59006880054153,1701.1558378057575,56.29497888984705,66.24308841184848,30.352089763859667,82.94620911609157,195.2439045934615,605.5331307398313,Transport,West,1339.56
606.2400747232575,259.5220238096229,1089.7843233669753,2406.065855686947,162.27794161758865,89.73364369126305,33.84199671025202,40.151429659558346,165.67939393253704,454.33038575028354,Industrial,East,1912.8
255.9322342781353,121.66267483770207,719.9121294550996,4215.997248795656,285.3581062942153,11.042551092998353,33.00230846741762,94.34452826408899,351.0524151944852,246.27198861523468,Commercial,North,1341.18
920.7931884273107,117.82879509290481,1957.6231942152665,983.2083187895969,198.28007031371138,89.2193154006635,28.76646384264121,32.56157084988334,191.74661709232404,237.17335291742683,Industrial,East,1797.6
754.4234042321027,109.9839119365174,1050.5495430002527,2415.974271149825,134.89677631466256,92.24149665938393,26.547011255555113,16.695804458180774,142.82720234030245,228.90334824361258,Residential,West,1006.02
676.2568712786556,105.1498295444146,614.6997423503649,2463.8777299797903,140.5906032687588,92.36098348240473,35.67811817823707,79.47315573515706,219.6811287891358,359.30774583658746,Commercial,South,1024.03
356.015863179407,106.94667360206763,1127.146319191374,2764.901287705465,132.91971933734845,0.483489210517829,27.077019972457254,46.42518299610246,414.88157554801035,328.7580352241624,Industrial,South,1352.81
712.0840675964023,80.96245731459891,914.427730229663,1536.276973118476,96.01573227486082,22.099877275481884,31.701773098076025,42.019963170700606,366.24951526781206,252.2234350447864,Residential,East,1062.93
1188.9280788041574,179.01953046754153,1436.2789248417312,2735.0868678881984,203.07862485236524,69.12452360253712,36.791407395927884,38.881895930162734,584.2970333197876,275.35124665004844,Industrial,South,2223.67
745.0665774573627,153.79204196270516,645.0128181783379,3172.8178795212257,73.97925718583654,32.17397809882776,31.17634039814967,98.2398010767435,377.2395560811481,308.8969819028076,Commercial,East,1392.45
296.777945638412,150.6005101026654,1049.4473908026278,1524.736426897727,138.53635794371763,6.108329151586278,22.014543835464934,61.45089877658942,198.92400555738752,77.9906122108886,Industrial,South,1036.93
770.5070974108702,66.42151664046484,365.59076675532486,2234.1495602989658,47.58068231283364,76.29420805492708,20.804886093458563,99.27229983389118,427.093924578619,259.2901273550482,Commercial,South,871.91
748.5651078398616,199.7175886240636,867.4567584153388,1772.6986273218354,212.33388277969732,2.859219246508682,25.5118528996845,40.922288950912254,245.23567444016015,219.78401199054431,Commercial,West,1397.83
885.2260658494007,209.45840855658767,459.17375576534903,1149.497171431638,135.69552715527007,44.60213279321439,30.547495617291126,47.25723147942797,293.30145144447516,149.9137564903819,Residential,East,1040.17
739.2059031995129,329.5337181102419,900.590287613643,727.2235012938097,53.87477122169691,94.75760907554891,29.223929334220067,29.05864282978011,247.36968819952375,155.80670602423908,Residential,East,1311.95
402.3913950713971,203.9884667244677,992.4756221490665,1275.991405708455,247.7500499828615,44.02328263640848,38.03541032731837,48.73277047055532,185.8143595355208,256.7822528709528,Industrial,West,1820.2
659.7655299306565,361.8313743889224,1031.0984336636545,1342.2197359701033,120.12402484381688,91.18872854028065,29.175281438807033,15.580480861325393,990.2280482869323,367.9119535823597,Residential,South,1348.34
565.6916200988248,114.87273085810534,644.5462901684608,718.0481773357592,61.092898704455365,40.90042459292205,25.36279391624683,10.050206673968837,227.88184568930248,380.0042693309944,Residential,North,817.91
695.5406101608247,338.1687814948901,879.6062387399008,2621.369172079353,298.134175084099,34.66861091019595,21.33328948445055,50.776612849481815,133.3939249803848,408.06299248009424,Residential,Central,1465.86
1002.803474259154,207.19947782832435,1355.5803059461118,3314.50778727062,109.92946411332878,10.738280259902345,32.90218688948672,77.14215321335415,449.5859972465054,380.2961744095333,Residential,North,1553.87
466.45682717657877,194.62330057585615,1704.8861440509372,1740.4327348868258,81.5086606430452,35.80909090271992,26.969693853958745,49.33586498158487,115.81054781634982,234.00362048845722,Industrial,East,1554.09
1353.5728246708159,148.68842381980394,893.5122712052324,1918.0421544412404,142.022052121237,33.698649002180645,19.46930115883634,56.6204859247078,308.9199904741599,155.38394879780947,Commercial,South,1350.35
768.27255278832,133.18531841118892,1372.4251804679384,1405.9090703470576,65.24264792870763,84.6551185976985,27.111303014576347,50.10543060089695,479.7774060227751,177.98325194172827,Transport,South,1236.84
923.1354399626018,119.40992026960106,539.1908076508448,1846.039997713891,96.01615228209985,91.99151742159862,22.021309444364967,57.41238519291626,174.2415067710919,289.7329850508276,Residential,North,1021.04
868.1508521521768,343.77952427389033,692.8260304610232,2748.031252755082,233.32709295412536,2.1930085753329887,24.87181244825092,79.80436429747094,332.57669789155335,331.10288793351407,Industrial,Central,2466.49
754.4629642089242,146.32401435493995,938.755743256701,2418.974975471504,307.51774880786184,9.825641054700075,27.03095988221333,82.34076615566008,287.8199764733498,473.4487742971263,Commercial,East,1482.03
816.9413943737121,209.01068106033264,797.5850333398489,1838.7632532093633,111.34408018235416,64.32284670901832,22.474109758325046,85.42522393412236,226.0670772447139,608.3707972389941,Commercial,South,1320.69
94.98366665856175,231.34330759992815,759.1072135060306,1341.7227065123066,157.48124813217677,48.47428880904944,24.561879155218218,29.118691726265475,585.0543605268895,242.9809994114396,Transport,West,1395.36
867.421657653919,229.7519294795451,1307.6328337582968,3143.5686861979693,238.56401408562502,29.6878635047096,23.279400829433406,51.206001070952524,286.66238202850315,337.2711999373575,Transport,North,2123.47
417.57677594609675,179.42213026041418,496.70109181123127,1440.0300810583328,109.5166210994225,25.9907059716328,23.413554018398823,84.79051265832142,445.53069774148497,418.1138558635933,Transport,East,1254.61
622.7963201112507,335.123546956999,521.5570585571644,764.4645283115427,79.61557868651063,22.467458951861985,21.9598974143422,94.76911178895656,498.0114122379001,309.43924929304154,Residential,East,1233.82
752.1002753305017,201.06793141835269,422.6666475460316,2148.167594898286,172.37236032871562,52.54508692581371,24.586177176984386,58.86850441637027,302.7915067521056,181.1121864804345,Residential,East,1138.78
1022.8705255924687,117.85163027726017,951.7759979615229,486.49271913151,59.680353684657945,1.7479936487160064,22.526507791130236,54.36999802015375,200.92935506546502,199.3700671033477,Industrial,North,1496.04
417.6371348889854,136.34872862284726,719.453670694617,2355.8993978793005,74.79866996500958,73.8884376468958,29.932920579879227,78.8135294032714,503.34701066631857,493.0384168587916,Residential,Central,1009.68
519.3981805689024,68.5489608494871,1250.3391377280361,2468.23389831896,53.00868133477617,30.038800789073107,28.004000267651453,99.25248822422867,309.2143414989677,252.5509341538128,Industrial,South,1280.02
552.2573912374443,,914.6462197504632,1266.2773111072956,230.0233650700987,42.683145123557054,32.973576124953944,48.33389785161921,324.577473437836,266.63249243820337,Commercial,West,1321.23
699.3540412156445,217.52958985606568,637.3424707890883,1397.4204551303933,130.44759527691798,,36.433516952188015,24.858971041135014,278.37476924076896,73.97016844965525,Commercial,West,1210.27
568.0549755464715,226.6587615652907,591.1294905096954,3424.6365838561474,175.6477052961164,21.135960272764898,30.386625069608847,85.08761209782509,495.22237626838046,558.3456316001909,Industrial,South,1973.89
818.5841363030779,207.20138033303581,220.52714088321244,6082.770043223035,77.56304293878227,88.37026474237021,29.24793512316654,73.93826876319821,100.3076360908772,424.64948654242573,Industrial,North,1887.72
261.17784954755166,148.94710879208503,775.1159160408104,1989.2822785829374,154.33917489299932,68.20932551782673,30.70168636147447,23.05681947957531,189.2311394938645,127.50643537624762,Residential,South,802.67
600.4159501672592,163.07526527455954,462.4880600184648,331.35571469641906,157.06078043971775,87.02963420696663,29.332944085010794,39.115836706424645,326.46638527950665,397.39697125039083,Residential,Central,873.63
1241.257192602081,163.31170358486975,1321.6520663029364,1284.8135775115973,297.36859363705435,47.54506052642347,27.25099672713296,59.79010530070122,203.22207455064964,412.0091251627406,Industrial,Central,2357.08
568.7474838345667,259.964280884773,702.9676693733237,2482.4571038292106,168.1215003795687,43.24604579894097,26.853370968263008,75.83190042941887,277.8980624954449,702.9888245083707,Commercial,Central,1422.64
769.5694762408672,53.96620922929996,385.58613579609266,1790.740281763149,193.18203987685695,23.71425685091416,21.89165017968984,80.25819251995583,525.2028777315032,189.52938652893846,Residential,South,889.0
952.8493131812916,128.60489806230672,1440.3299463276355,2377.286436139309,135.7782681507313,54.48403612074593,31.194597771524197,24.01582328469226,522.2807592221641,385.73189666070306,Commercial,West,1755.93
758.4076514041959,94.5850459564781,780.5105042465021,2152.5265887165974,23.033157091463526,59.316357331790655,26.84352595070835,29.507560351043153,297.5078418067972,223.75346240829037,Industrial,North,1352.51
1408.0691614237721,400.61341486182533,1086.733838112634,2187.8137721373905,147.41179529071655,41.992337704183726,34.24759487145321,76.9710262982541,377.10753119769,217.70134229145208,Industrial,West,3063.22
666.7735857635288,284.7719796682864,641.6856353972389,356.7664686904,115.10867700413769,14.538256031263897,31.57567951792658,20.450113549667712,373.85805665011907,636.0649558028944,Commercial,East,1388.47
836.8239036776896,131.38188239409004,1462.8601460709242,1394.4280256233394,112.17416493371202,27.310446229560313,23.870241888620114,54.83442150321058,203.62578870239295,495.0187336632757,Commercial,West,1417.48
712.3818430905278,76.362343680179,553.006093496312,1302.6628201190426,98.34914417129049,1.4251509517366756,33.233455234493775,59.139293895250304,68.72369587167213,129.00608061890838,Residential,West,930.05
1129.3559457696404,88.18204953635988,719.2946163910825,1289.6604036613523,112.1735235834299,31.913876781791416,14.196290217482117,40.5419092413054,419.68487672222193,117.18745073017105,Commercial,Central,1082.76
531.1677632856117,258.2638499467683,322.91632187788036,2879.4155498619225,88.51398137615104,58.07589766242067,36.65112872478906,81.67025927141931,213.86104087361448,405.2436381347205,Residential,East,1090.61
1459.4083500354345,67.4020714255241,1446.6618954385908,820.2758450190782,184.03376749166688,95.5711097837005,20.307773611251676,14.987422967121134,270.37557967986925,279.40694868224165,Commercial,South,1217.35
471.8982812849627,164.3889803818587,603.5899105302734,358.4745879345926,71.06061668379658,17.789679638942857,29.475560895854347,79.9700045302717,136.21416646728363,175.51717356333216,Industrial,East,1163.2
1294.4227328271918,238.065149488199,962.0738039595847,1269.3959173146993,277.7563498638191,5.546453052747968,29.137080830737638,68.14294734834897,451.60445558897953,409.2806088165839,Residential,North,1747.55
394.5732179003223,83.55970210176307,1024.3195993265879,1089.6200161920867,176.25689449666888,29.63112878714621,32.61858430920875,55.64958181060582,496.30702337621227,382.3104647912455,Residential,North,828.41
848.8249528263472,163.51484635812173,1340.1264364941667,1998.1988884292928,208.47230723578764,15.679769816860311,25.35651596347794,88.51354277307416,383.33802313923434,305.5466625551512,Residential,East,1297.6
640.7377086021265,132.49650738221226,929.1557848131813,1083.8554341027052,73.99918194401282,69.55189968940562,16.27240764068972,28.202179423025168,333.4339808925558,321.4147304218605,Transport,Central,1206.07
944.0948264009526,123.77863916068125,802.2270822885838,1619.1582768351561,94.68069242866265,0.5749164526665629,25.36356044309722,82.06966316119141,263.7971117369689,183.6707407197651,Industrial,East,1666.01
778.0309729811098,113.15637091199524,1278.056912376246,1464.6961752587904,133.03981281548502,,25.904188487501713,26.899708668539187,456.75439696137056,380.7151358648009,Residential,West,1176.78
921.4553390174128,247.59171095081936,1016.5939193440014,4086.2154697455653,126.46942463706563,85.56666752623508,16.75403991691348,99.14014875007008,647.2872831058015,761.2629383260771,Transport,North,2150.12
387.99796378880177,313.872764680698,745.4565592571854,1104.4624441191102,176.47685860094032,49.067059207537866,27.226858044803688,12.948829290082962,227.86817794650705,144.36454546141772,Commercial,East,1325.31
285.0977230825585,143.07796803652354,1476.0629196668117,2772.603229891373,126.73506640232446,92.09422198069069,21.62074255667727,59.78775332602456,300.7919261892622,486.44190801438987,Commercial,West,1189.48
357.94286228581836,195.03463319277662,1052.4707391050283,1830.7966109941713,285.21782172540725,62.80593326572771,30.245425515467268,25.121513279917828,197.80670392963546,162.1192523723045,Transport,South,1430.66
353.58430940039415,165.3884989794893,442.8546662254918,3470.8227180289277,74.8815765590315,99.37648766891695,25.76960132086743,46.71775598260345,334.2771548529071,441.3620067683425,Residential,North,698.06
385.7428491699132,58.145964203712964,1596.5722973578725,4846.575855237595,66.40651964531413,27.83062014094674,36.80547442759867,23.31520031571052,276.53479806995955,275.4624259000996,Residential,North,971.13
486.79832281904316,140.23954109508182,633.8633196292892,1811.7648822123938,92.22946629131822,99.69061426175135,25.71910671579759,27.44429066114861,310.7748520983782,447.18962194932806,Commercial,Central,989.39
484.7894338411615,51.633169863778775,1337.1271160404658,499.5796342698258,112.29157726935685,18.024729212207223,29.151956331705975,15.488245785383938,459.41100584679515,149.75817306393057,Residential,West,978.58
647.6091384446496,126.87194936141928,389.161216278,824.8275078180852,217.61273038193258,35.341836763904034,25.934642467702485,10.720319074646586,516.9094752011879,44.87983378004492,Industrial,South,1409.28
431.8529601284818,161.2760327446689,1274.4709614168153,678.466016485678,152.2214082081143,93.53240803400945,18.883659057697958,74.73752974959994,183.3240540187044,328.2752380755902,Residential,South,871.06
448.18418113797134,228.89255146728388,456.5943661577564,1399.7309324114267,26.29742546040755,37.05422852537185,25.97643497431252,50.81144794715535,372.11705646442016,468.858004869339,Residential,North,1000.21
584.4562763468829,186.52454129255588,917.8505968522618,1250.1177227448823,28.16858998795993,20.983637706986656,30.767067205857394,14.103296666031003,585.9561707859272,334.9951345243388,Residential,Central,1132.47
1001.572050593463,250.68369503128912,1039.2089056783168,2220.9244688574727,117.80044816008316,5.948710547322911,30.00994902832481,94.50728369954844,408.2891303403218,422.5168442110914,Commercial,North,1747.38
526.9765725137213,103.7141061022216,752.9507691365596,3307.111845246251,100.41343849583347,14.895820972210693,25.533661310860662,69.90491309162792,205.6962965188018,235.23008113769183,Residential,West,820.73
628.3089818128691,294.7616744489743,846.4329689995483,455.5027955905599,119.61544256912451,35.52234403211858,19.716219415420177,33.78458188301446,506.6988762757227,428.20498747129477,Residential,South,1024.28
674.8865908718421,314.0336670156298,505.71021843429526,1923.6827662967435,112.33325519534056,42.12320524687089,30.22229293866643,49.48256324080887,420.89738796421057,632.537233514392,Transport,South,1760.22
407.1961566645257,50.084926994172456,1214.648618202516,1127.0238143975039,264.40091028417856,54.245113442023964,29.097432927317442,54.034001461506975,402.7525248335455,233.37988095434457,Residential,South,882.6
550.7686790496947,65.18690359600075,940.2484017340058,1968.0982206292574,201.31158754849434,81.35879945271807,31.217054269262995,61.29350332937778,296.84365367084695,419.0054138606985,Commercial,Central,1064.88
464.95881525365115,159.38655809845207,551.4301624863053,1403.769172691214,94.87410659477969,1.3414849818384145,25.629439023826887,87.17052499026059,391.92447986895473,199.1399963589712,Residential,North,869.15
959.4700765184685,122.03618348925333,956.6361421958231,2969.2043161567963,125.51149730114513,84.11161312305768,18.57812603595221,63.091025446073694,962.9048814064396,667.0114004072875,Commercial,South,1569.54
924.5619905986593,131.90324298634053,970.1800284136186,870.0240265066793,107.5180375611878,57.72493430231091,29.668800915383475,98.08535341403768,124.75953512925129,129.767565990674,Residential,South,927.06
443.0507557035406,185.69487002934542,865.161895342978,1179.411823173415,36.01040357322234,75.6478058284502,26.95428617463258,75.41281803670533,269.0521451642597,371.5141562663296,Industrial,South,1316.79
622.8706844289093,255.50292575333253,222.13342936644767,1728.4523057805968,97.27339052689604,75.69792207075243,33.95841886700056,98.96654784437281,281.2085965825763,309.71406036641946,Residential,North,984.55
837.1171481516282,100.83134139269265,702.5464928927006,1506.3648755017618,97.99709360362742,90.32026793072856,27.14366516223209,59.56742361488325,85.38650153038375,234.46838828109782,Transport,Central,952.62
740.2372563080633,276.02732035217167,1206.3079586053311,1721.326298935401,86.58449863827394,9.338020883434817,26.77266555405249,71.06042696167806,756.1962251620619,229.97519125312857,Transport,South,1708.93
775.826448489511,,1065.4445279429224,553.8696812018048,95.7270526235067,57.151528835640484,29.086272359329904,76.41087148581819,197.7491767169385,295.38555126614375,Residential,East,797.34
408.3825481844207,427.07088201098287,1051.021673759792,4409.2201570433535,108.63476677701928,90.90295283948207,24.015344655994344,77.92723311120973,191.89957340977685,618.3457777893058,Residential,South,1282.8
1273.1748220276108,295.7886916331861,936.983934160587,1329.9269672259095,158.50454584840696,71.92063140382191,23.774321394382152,12.198666550266182,152.5627477666805,346.9560467226253,Residential,Central,1575.8
482.39226355259035,118.12160488042099,1269.2670996614563,915.1555203749019,90.38351327418715,9.658491149653791,26.51052366831029,21.47268886616422,267.66726655020494,95.48448864399606,Industrial,South,1032.4
476.02305790338363,77.32269688217968,632.0385659843031,1755.5069606113302,,61.39643108797569,22.39796845865014,30.49501474261804,401.9829389026356,116.05992575140706,Residential,South,840.84
337.02930243367695,116.71015500154185,568.8086032693782,1934.5801468319721,74.3957258209966,,25.85452267267017,34.43450417887763,322.78457446344635,346.1453488070655,Transport,South,993.87
596.1140497651916,108.45081267867836,1777.4342146727818,5582.3047714412305,214.0420415254053,27.48617863056988,36.6978067872435,91.48313703657904,211.579704151709,513.4546251799222,Industrial,South,2162.96
1048.6382006237866,215.24195994322548,600.5457737849616,3635.837094074395,145.87259460859,63.249323501671384,32.21316863363184,75.0342901125192,392.2591242038421,187.14210542134137,Industrial,North,2258.46
736.9044284453366,50.84775998242714,434.86184553746295,1485.224237215108,63.13775161700056,84.04122213941442,28.540189706998248,22.895344948093197,324.57740508672987,335.6514697182368,Commercial,West,1024.93
617.4094693265661,65.65133005141139,746.583242820033,4995.802210643451,107.16475667431783,52.38669559081546,34.75838630477459,48.37195297729719,555.2334003261748,517.4566903616416,Transport,North,1714.68
894.754481625339,212.2809759485236,879.8017386366556,4415.335249496249,269.4328916449209,19.418720084542564,22.87551950996677,31.880939061617433,240.833553226847,363.4775573764048,Residential,South,1358.17
1037.057678835139,106.02575782065604,1272.9276885032918,921.7388512208231,75.1893296334609,54.96821221167442,39.452199349399976,84.68772819137287,230.45575655898517,318.48800757591573,Commercial,South,1237.82
923.6489500281425,127.71566706089078,703.2621888155212,6360.132802947653,273.2513395357022,58.800393315494844,24.69748741220136,92.60172874176,469.2740830158919,253.62979641988238,Residential,South,1483.29
244.1720445512864,237.54331259820327,700.4959848456012,1346.586387998503,160.76699945597989,40.28527722340598,37.0190294775459,24.786112313223025,194.2408932318045,275.92891853531063,Transport,West,1298.63
898.163420514631,261.01453184520864,842.5635937216165,2085.787295760201,147.13549598571475,67.96166245275973,36.99701523889824,47.49137037797595,150.17288245391293,430.3948328488895,Commercial,East,1535.94
789.5157368523966,288.9150008467685,647.1844874001314,4010.2858009026186,156.07172194842195,43.33328946883943,18.233850966013975,95.75532867278467,319.9214924584369,458.13030396034867,Industrial,Central,2200.83
438.4575979749406,227.96006282013778,391.5998453186642,457.54229529631493,105.72848966969092,87.7405087654474,34.335460715709075,69.13804984224302,407.7555490019801,453.7366002566295,Residential,South,934.88
790.9785987092378,146.44254624873255,452.32107924283605,1722.238712771078,10.415930536203298,79.16254675121819,25.58045429773662,88.12871815086407,144.5702797799295,203.4097407331609,Transport,Central,891.42
1049.5775014570781,140.32793025340578,1426.0931209412543,2298.7319305176065,77.02595983409748,80.477186584915,24.16015771340965,42.192435790373885,492.1912031434956,55.801891855998505,Commercial,North,1581.69
492.2687626366457,132.1287647913169,1151.3869329109102,3553.3388932422204,128.44882987572655,52.607670527328544,29.62319060082493,28.87321296129128,137.1856525488568,237.8643872540765,Commercial,East,1203.43
952.8023533997052,83.73475340388143,829.3222806528422,1873.3790166899705,149.85727324034713,19.634782059067057,21.96042337622621,72.21733560811307,246.91883879553683,480.85546886463953,Transport,West,1615.87
744.158253242965,98.66558094209186,1063.8952350527861,462.80138375128666,164.4974545725882,72.44218191083316,29.509985439581392,22.36837013897221,323.8899474991424,689.9437325231578,Commercial,East,1018.1
125.07685200213012,270.7874645058315,1166.8380343079505,5556.9670258913675,161.25020923317928,6.892135157943158,22.296027588512167,85.59117070536342,579.2049668129899,168.31844742212598,Commercial,Central,1451.61
638.0758942197709,111.68088996676319,615.7695440218354,1918.2971743548821,182.14644437741384,51.75749361529872,27.885396396309094,77.93534411698705,595.0827587899992,418.5644020316608,Commercial,South,1328.6
730.9513572319153,84.02770865791787,503.103675473877,2356.5586069672463,325.4281423063899,5.297908148151742,33.67681289545074,37.4415971524123,351.8400925590435,211.3754925953134,Residential,North,1161.3
560.8346533108679,281.6710895396644,1360.1220019775385,605.803352800002,143.44273888263973,52.84186873570117,28.932589677162266,54.88403677470714,266.24198406050937,595.7453252418272,Residential,West,1207.12
756.5866558093308,71.56826792356348,253.1004245586301,4297.9777314161665,227.74229086183902,68.59221691289052,25.201042063594265,81.92745096574374,273.87372099158125,476.89709709214117,Residential,North,1125.67
607.2618173933131,180.14391353997217,1071.546162233685,1360.2433795285478,167.53913514081694,41.91982464192985,29.7070555541896,94.1419287795183,722.229402334006,358.46552585523807,Residential,West,1396.95
1592.9257789727028,43.320774813482345,912.0968399778998,1130.0593849698346,342.8483111326148,41.690316655432056,19.9675987899755,41.69444462985049,535.1280858238197,372.5059116705955,Transport,West,2198.07
542.7846566471748,347.4180701600128,1299.2438782737536,3726.0713429687403,133.01251752894615,12.279385027416033,22.805696079019828,81.0992636546738,384.678707401642,563.3853571813931,Commercial,Central,1793.52
444.42000954860157,329.52221716579,1089.3019099593255,664.4376870840807,125.59038644633307,30.18496052983596,24.848649697464925,27.5020372984855,356.85476363707085,100.87190545322059,Commercial,East,1485.43
931.4463990888411,88.09472789265133,1060.8403173558145,2378.614140012791,220.62996187212522,44.42737205850066,30.93425123059063,91.31861252679076,342.0959759877571,288.4962591093971,Commercial,Central,1338.09
574.8436342831784,154.15719617364564,528.3357758680968,1105.147294515589,220.76850897827728,86.35621386302259,29.028993769107146,71.76250091799608,121.63755622516217,155.1954888554545,Commercial,North,1135.78
622.1518768378143,94.74358980730833,1186.8929468756594,2560.322619686183,110.34864760979232,89.79799023390764,29.67583227250671,23.74653880631334,68.27595795445268,369.1140792187083,Industrial,East,1436.2
598.1093287660145,94.29826573588926,1012.4120030566609,2997.1282221586957,164.49543166845854,95.35801020075854,26.863087255447834,76.58460294489377,292.40670113675776,330.2994204166697,Transport,North,1378.21
908.631705107642,130.17421389978523,562.3698369149989,1326.673641980287,183.0772567252908,10.026369712668037,23.059501769987175,75.16519041414526,182.82832364706505,358.06776136521614,Transport,West,1506.59
384.3074441865101,218.30266353798808,915.8467706349965,4145.8430458082485,177.95264503462244,29.62108112688876,34.440584682846676,76.80677112253795,358.82073730456716,141.66049457291837,Commercial,West,1474.33
951.9529633978202,218.93257666411785,474.4302685894967,1920.6042039700108,156.19395201173478,46.29129187533479,23.5110327276617,41.038967568221274,346.71874391933216,515.980043152121,Residential,Central,1255.42
818.3670912693059,205.8630337269221,776.1673574797082,5606.300864525547,45.458211858727076,64.17438243900523,29.095194748529103,76.58202249341522,148.40770338127427,441.86562750569874,Commercial,West,1529.56
1355.4953594120263,146.21470267614578,2103.76454305745,3754.586797118046,179.24458899516895,70.27984895994935,26.43947673423125,84.39130511290514,362.0916619725019,233.87035638548085,Commercial,South,1860.62
705.5363557216184,224.64073758286364,514.1474698397501,2065.153929916911,183.40203664851055,78.60162886189165,29.81496583517328,41.2416018586974,371.45075638637724,459.7241813732601,Commercial,North,1422.16
397.988161141808,83.34074007307466,389.51106665636485,2055.2474183129693,159.36854719457423,49.587381006015384,23.97256507391532,28.716189992293938,366.7812886332648,71.70704316986493,Industrial,Central,1268.35
709.0329950926634,181.57169586333342,455.10677355792103,719.2097729320102,104.04827779647138,55.658426662689486,32.263385804435245,89.9091929343627,242.0979408580303,157.96968864736897,Commercial,East,1034.24
748.7009551225225,163.86316603366333,771.0303393894984,3722.992551938137,256.01790587789884,96.05706890515448,33.89138957917969,65.86246584830516,399.10889879112545,294.45826205327114,Residential,North,1423.94
1090.014240340593,141.79304314452105,1125.179632213837,1237.322486245342,76.20646752011567,24.002827978969588,31.956615412481856,51.434845214045474,410.8329691241497,256.2246476348259,Residential,Central,1261.86
397.506746475354,185.03849569825056,854.1557164594772,2212.726444044062,222.76861049746702,80.37597428841747,27.78812662986824,89.17695153459883,397.52151218535164,580.9733212670412,Commercial,Central,1355.61
296.91824845518244,48.07635848297751,418.15973188685706,5576.173595663824,75.66202432591884,71.18180343574544,24.824373769481582,22.240507922033295,285.9237435602259,426.42311310194464,Residential,East,758.06
715.7078213855236,95.7467526699237,1118.5923335833365,4098.712967140863,209.1964628246823,14.008983672810615,41.110558919297794,82.95261452748777,614.390431766871,644.4119262476272,Residential,West,1438.82
1382.068767839101,209.82451858707537,302.27403911924546,967.0512982426571,77.59947130270679,92.64916927181045,22.041877276190156,54.173914829497306,556.8853149667864,127.68149788795492,Industrial,North,1987.86
871.7379128861934,161.74209915623112,441.96560918884586,1927.7110972162739,203.13643026594494,85.53561561264485,31.406147758600664,13.827183536622822,333.79568362896873,254.93546598520686,Commercial,North,1372.6
894.3107436382978,69.20598305874098,634.4319993754648,2360.1662554250393,284.37590265445925,77.95046528967262,28.66392444038312,97.5351417110684,231.90175254013332,152.87346299910726,Residential,South,997.92
332.6067792771727,159.89164252119392,1338.5727998916577,4407.735692424335,284.92398632134365,12.67735837535593,26.687312789106393,80.0260068473958,219.1404165254581,359.348014209884,Commercial,West,1691.46
662.926455974229,122.67356265628422,869.918846059845,4015.05651894143,253.81386432447798,13.967053109285043,27.925814698670074,29.328024146911954,414.7631108771554,127.91457750026275,Industrial,North,1956.76
1099.2371102551422,274.08588371527406,885.7353027159667,2756.7654946636726,132.59883733704174,68.31984581985743,24.44892348319349,93.132602200114,169.54738948080882,334.2737468734302,Residential,North,1426.05
752.6958833542582,86.70916007863632,421.8015322360501,2593.188204919764,94.87386549593448,10.727001517909873,29.13527771622624,94.18110027902021,428.12650319732245,74.72215421747259,Industrial,West,1399.36
286.5639544636358,88.41762157577624,664.7844799848359,1904.1780858882291,24.319362251395628,11.331560590282908,28.58412242980034,82.04190400868663,157.64918768674968,196.64785045872574,Transport,West,922.61
656.94226112602,196.7127361674656,1250.9183136958754,2315.943944598769,121.85017604691615,40.02794669541091,40.388266114625864,21.445338982786758,309.0043629073944,462.84451324197914,Commercial,West,1596.64
844.6502672563996,149.18417531484394,983.0249222859317,1616.1191541380283,214.42211362101753,0.5377888775621842,32.35411107541881,26.774319991003562,413.410589978393,296.1182151926544,Industrial,West,2207.94
91.88576832261819,145.57289640541836,1137.1262118936709,3174.646446985336,177.84044149929167,72.14834028159947,29.579413860632037,77.86296414138242,223.73037127559166,113.4002052528772,Residential,Central,943.89
624.6649075136497,428.2855660986209,826.8290199407793,2679.891563330435,358.5011074168584,54.02069931748266,29.87779466654813,92.24251934166927,488.0079645060227,500.81055915716826,Transport,West,2713.35
421.53172084953513,221.96664508547414,1257.0527965416086,3640.80023368346,99.93497523239003,7.817414921465082,36.197688277478726,29.351632410497814,270.4901834851331,505.00871951471777,Commercial,East,1530.79
944.1134654079649,136.2795643645293,420.4180161860406,3578.135683708797,294.10610006127524,54.35827484623425,22.14786717629864,51.474505170124004,322.34884887580193,449.68230450559076,Transport,Central,1808.99
532.7569373530262,64.24228634478794,762.4085937175971,1233.0864390843628,126.86615573642091,5.408787287692796,26.086336281191148,23.93145637142073,109.74553060963176,231.48312009605334,Commercial,South,862.58
784.8944101427662,132.3549297995048,1050.0524946212145,280.53238521019597,75.49508166191433,7.069610599823239,17.464305861606363,53.020705854762475,155.3918589003488,402.7751918770505,Residential,North,805.1
649.007816137023,81.87192842938454,352.288671648156,1165.4214489874064,153.53781657768116,48.546619015145396,29.793869210809508,67.82762170312517,114.42482002525799,528.0954278322163,Residential,West,771.23
523.3494962776448,99.05949561508679,189.2814708614809,2304.4475646009537,175.57133488788637,49.982325051564516,31.2408687527215,11.669939956842393,447.6880767729228,280.3131446244676,Industrial,South,1190.91
1452.1791105531152,100.85051156220801,1778.16515440095,1617.8345975581676,242.1483353109834,33.89947728932034,22.02199973882583,67.86344725248671,264.55159388741345,287.273659079524,Commercial,Central,1853.24
496.05515147043104,263.51027634943705,875.459625357587,1572.3200589073542,99.71302739174536,62.17714583118317,34.17540009000352,67.57749349171607,509.90384171905606,317.1951231665336,Residential,East,1111.1
673.8625715901708,72.52485053289021,333.72879305298113,1114.5683645135416,153.5126108122884,38.735840265479105,23.40560003687607,50.95076381790726,91.59726644154026,453.0839985751544,Industrial,Central,1149.86
648.0748914606856,250.72560184914462,865.2171123473144,2515.5526423117212,133.80271064153658,58.69605790129874,25.287659454917183,90.58620363347917,391.00883680467734,341.51816339672735,Transport,North,1750.51
707.6437819827213,201.13803398913507,445.28882390801044,474.87796621293415,110.14945709507302,34.978493739963426,27.59782957810016,22.13371157680491,109.38939374106741,417.1799308110789,Commercial,West,1064.9
1403.2391565531932,199.67703827429602,528.2555221035626,2742.9592916875845,279.0791958040836,71.49669646589756,34.97098181379908,14.6180647408351,211.35813980902594,272.79401014876737,Commercial,East,1815.59
845.1359045874292,96.9147365633547,1359.0687416477506,2775.105847675625,176.84158636808465,57.92861174595676,22.709010909595506,54.62480439771903,306.4645360072986,269.20980300071056,Residential,East,970.63
520.9883671080798,234.58901992864736,641.9608838775806,3591.5700094009553,33.67779936886279,16.004354684222754,28.456235626828416,57.97310680738987,260.6114232007235,425.0161594187461,Industrial,South,1518.62
1206.2529352709862,90.84599619408472,639.4743797693105,9616.886024467825,154.7929389413535,68.62688551777198,30.874188773962114,34.00202676193166,366.85769157472777,214.32188675226536,Residential,Central,1494.08
910.4672681687898,316.46837263334527,438.0179132599518,247.34491787960198,51.915764446652865,78.39359225334584,29.842350818397428,96.54649359883177,241.3008972080686,169.8713828399181,Transport,South,1319.33
525.7834702168718,266.53621080738606,707.9232075191159,2697.1673263051116,147.0218666586635,6.587406795608263,30.027005165333517,32.835451598483466,290.65930804753134,208.87040229774666,Commercial,Central,1499.14
1123.6104387748999,343.06702558633486,901.7427379174651,3038.4729911022,57.31653994845917,60.996059530060954,30.807501110869705,34.314564585981515,193.0153091044329,262.8311380009202,Commercial,East,1744.75
330.74350008470526,164.2931397613703,641.6099053686484,1167.5814363365746,177.25471556279868,79.04296560130724,24.226386376974393,82.9887809339086,423.3133134676983,306.2301051212574,Residential,North,1038.68
376.53883826141464,149.13035666553304,1989.9892567504073,1696.6627152576955,51.44321048063628,11.465289777860344,35.438898934151624,93.05413082458885,339.74366363189245,232.1561399318878,Residential,Central,1060.71
276.5964869425002,130.50150811050344,493.1748356336032,1373.6469225424376,77.88893636679195,90.1652419735031,26.444253009137867,58.25257714043736,389.04168918615443,246.3114030408555,Industrial,North,1122.23
213.8083616939454,423.7412681353687,491.727690957232,2807.1455798028182,197.4426762953832,41.4798786252756,25.780758985087974,11.714858825190792,317.51534489356084,367.6900851483622,Commercial,South,1391.44
1087.7810837249826,217.34417765038523,694.3682953593676,3835.026668018703,132.61270383096695,73.78398210987181,33.73812750656877,41.98913943002743,457.4082771808258,195.44170809804962,Commercial,Central,1704.66
711.6859106420635,82.38621354393273,1880.358758074802,798.7524906110392,60.448207655743566,89.90498468292674,23.84716566561515,30.154584575424316,243.45274794961745,445.7297523100553,Transport,Central,1293.01
290.18105922391595,298.66878535877896,1145.6352477023936,2536.118032315464,270.3122264792666,98.96371508702832,28.601390953495105,55.99162426011898,331.67422796395573,181.74052478634368,Transport,Central,1894.24
640.3521252728949,146.24185118790973,631.4068457191552,4326.448869674265,106.6902512921413,58.392506403128976,23.385826880023814,71.43146103419016,1018.0669051244104,302.089416129766,Transport,East,1801.9
966.0032007282105,32.972912226548246,551.0248207014814,1230.8967465116875,116.25871533257107,70.42739285031541,39.59617907722509,45.31926568672111,177.00520916510953,291.8737578888171,Residential,West,856.22
454.69380242907795,108.2456400858891,631.6532416611775,190.49091952289152,121.82534794348751,25.16996741174199,38.54327258363394,58.3623982653331,522.6280076346131,578.9021694588688,Commercial,South,1034.02
560.8874461412153,266.44902056801294,483.8559683468774,1020.1020276971218,184.59820920944415,29.004637218538676,26.44879509281727,78.38742829710083,804.7476585246318,274.99746119375806,Transport,West,1894.05
1483.3843366758133,201.47569687044276,684.7428659308946,933.6361898820702,111.08724211245132,85.07694269025949,29.59928586750266,32.15323076258497,406.16674886626885,477.6506799739086,Commercial,East,1760.12
584.8980132960787,221.30702597817285,752.4974509229548,1061.6341784858496,124.35408372834242,39.82439036523395,27.025999025236903,27.637110843738423,75.30683459437856,425.5227539735418,Residential,North,1154.0
302.71540044671394,297.23431800938215,1121.6941382155028,5517.569917554435,,82.24339544280377,25.257002557958007,82.50714521444634,181.416030617377,224.37863473568282,Industrial,East,2148.65
506.0395481263211,57.9057883795522,1015.4420145884587,6294.4856669724095,216.23852368985015,5.059681453845277,27.59815749552933,13.332126145675161,116.76683845353915,553.7410832836699,Commercial,East,1238.57
279.76723544515517,108.9484852828213,674.0136585651171,4669.021721783441,120.39438926133171,21.82534217929124,26.796992823887702,23.553692533950855,368.8392905695843,230.45071115347778,Commercial,South,825.75
876.2687586521345,166.15751345387469,1560.4156280898187,1594.5367163545998,122.58104494140824,17.009408897015287,19.39666296284018,11.112107091604345,319.5454156808299,257.45018248494273,Transport,South,1441.35
423.8719724626712,270.3311011379485,590.0576707808989,4778.79715011676,25.6281502997826,52.70674697024573,28.31511660782795,59.98463141103161,626.1113798107632,382.6601477269302,Industrial,East,1908.71
417.3179725263143,90.5649571195724,385.4578435883182,285.63942769173764,145.68492652693482,8.05305475566296,26.78853563743678,64.00771586266316,635.478213944805,244.46718593623402,Commercial,North,1115.33
1545.0000418707627,135.85795377088138,921.393797641871,892.5901161038969,201.1764714033617,34.38704374213081,28.56100228316768,57.79276249325534,308.2864121281689,129.95875677190298,Commercial,North,1811.02
355.97481143879986,160.84995870199214,1313.5036018182534,3222.669758362853,107.97954763663651,98.62451098505963,26.61241111117759,47.284212637925215,319.0565637147004,259.72654069590635,Commercial,West,1319.08
323.8507812497213,106.08282888169127,811.6011719715164,1309.8756888397252,250.27385504442464,79.4217136700372,25.198303182607273,57.61262110766177,250.9048663571751,257.42882332978996,Residential,South,901.54
386.336715153266,159.92585366160296,429.065894100507,803.7612188332189,47.954690186740706,76.05914129199614,31.37455030137849,27.454402136436638,397.3695305507879,175.43047477053176,Industrial,West,1137.02
979.6487264351052,148.75706655393154,886.9395426342982,2486.3000204082987,80.91035403629559,13.511469944054276,29.665672018542033,84.36184523525412,205.69473605909528,300.23088595380193,Industrial,East,1689.18
824.6130206809414,121.10163497352185,938.7750244904793,2525.698053176557,240.44661870513346,36.45591065820133,33.98023649967844,98.26957033356483,302.51011124927095,303.72010134469696,Residential,East,1148.46
502.91476199849825,234.29542967642755,984.2710078302981,2685.9784410091684,197.20249987880734,68.05879712872539,29.473648822361653,58.65605943814491,213.10454957644396,368.9176709348905,Residential,East,1022.83
481.1356054492143,213.8232801037684,895.2311413013252,2882.6087428142764,46.15462714763134,2.1625237243396267,26.01196724092433,43.69199844865505,357.36424621302297,157.90719277103355,Transport,East,1300.58
796.1123726637409,239.42921870646086,1392.5235307706735,2406.836561261175,51.7845184902682,43.39764909761274,30.083842630922177,81.26044449032541,507.6328839843979,163.35646043026728,Residential,Central,1239.91
724.1140995129929,249.8060075578583,477.9962017456757,1807.9774330694745,178.64524788815422,92.85897892227743,17.096934203805144,27.376473797577567,156.98310438485848,453.0376757194606,Commercial,Central,1336.27
602.7234292954702,333.8201077974142,144.33064647211594,2037.7205012781349,160.29753809089684,8.233980689960784,37.518399443653934,38.869620948625176,293.17444437515485,179.3142035545767,Commercial,South,1381.51
837.528043210459,67.68681144224045,302.4640445375425,3250.9152061733867,115.24017882877635,90.62593387060004,28.371900718887836,94.59825250917937,579.5117787118846,345.57722204727867,Industrial,West,1634.85
373.4818594955239,72.13699854425987,425.8937576257589,2349.117844984081,245.99508289073887,19.452162452103604,37.922279470628766,26.766475535614223,657.9567020519407,269.58623578273944,Residential,Central,1019.62
427.40366799690975,,1210.1960149161614,1414.5461895839487,92.1754712974985,18.910722334413123,22.65327470159684,20.090402005292397,251.93215441878934,201.86180088498062,Industrial,North,1590.98
857.4103685133223,127.02198009591999,707.8284994421857,1153.2066329785266,34.90586982306641,19.543595876354313,21.411773086929678,59.17183260800711,218.01613204563046,575.1842749814159,Commercial,West,1199.74
751.0384049907168,,1616.961554101768,2026.214047909784,184.55476530673417,93.12560823032115,28.829166463321574,62.86756030144825,61.32987440889853,306.07276101813864,Industrial,East,1642.55
204.25585218416361,109.39083557381177,460.36135964688316,4314.255421118577,205.2844618744001,60.37449943936627,28.812673713833295,63.743509360982806,532.8743866817072,218.38763885548622,Residential,Central,1028.46
661.158163223615,243.5389597486835,1601.998546849738,2910.7194684058773,95.12475804049565,75.0788945296873,28.69122387218472,24.80304061368217,517.2464525714898,115.24484165022065,Commercial,East,1546.38
1519.7858137358596,410.4029061679978,531.1499161972496,4455.219419113401,68.45617664569991,36.64076060846715,27.929131016252402,74.903025455971,338.9736107607134,410.79749728285384,Commercial,Central,2221.59
920.6858924264412,249.15946209179907,751.8555866769779,1575.9020405945469,36.049553748303516,87.32509359731118,23.859414195368053,31.805301513946322,846.0247688467482,178.41788120309278,Residential,North,1198.19
510.1429168717419,124.03084137296143,335.0463153698215,2236.832700783754,131.2942345879645,58.19371359149375,19.573221029607392,95.32922958522092,319.45245044176346,550.6227032333873,Residential,North,956.42
445.7629874741924,237.48142201014562,1504.2485972529194,2458.052541823725,156.25708133588904,59.98349332065411,28.41575278325343,30.51614596138405,540.4557362104069,288.8413312614745,Residential,Central,1318.98
767.3286166185142,70.85418217868674,800.4866812192391,3344.6449323010006,212.79096311271988,75.23210520781373,20.587039998508097,11.558033119082522,258.82764629387526,931.3738214981385,Residential,East,983.68
1086.2507729484198,28.738889504568768,2031.4011009965395,1577.55315266654,161.12653201368747,77.36426233391617,20.114968511306365,61.106067398567454,287.43005067258474,257.2559000088685,Residential,East,1268.64
257.51324577556454,143.4514387400969,1341.2176577986952,2905.8159901738013,99.21850468812701,68.186357158629,25.096841007658814,28.256308579604084,368.05085543888,174.52583539969373,Transport,North,1150.59
742.1235239314885,57.95367139505042,743.1174522942661,4165.56553201238,145.6978825004758,11.890993359587531,29.153294926641916,66.57164428126717,214.36220345368878,309.1531688799788,Commercial,South,1138.94
556.4914303125141,127.14666184449608,573.5079170618874,1875.1431508525404,218.16442456199746,86.67265927332248,36.938796186281465,30.6292024513853,473.6653086768457,213.7182262015891,Industrial,Central,1739.98
711.5816362798965,175.3634550020277,1234.7930579320355,1048.1574918453357,155.21564687928972,26.08991160852637,31.89629651626897,48.52759277708217,344.6221944083714,82.19419899262603,Transport,South,1501.2
311.9944395717781,448.0118839668578,840.0346196709612,4252.001967896964,202.49626459750186,99.61941583429196,34.16608793564541,26.156296070921144,124.27671930563741,462.4783379917387,Residential,East,1377.06
1085.897442185528,280.9821898932645,558.4661029221721,3074.373470735985,70.37059799426818,38.55079317685932,30.26830843771536,48.593022136967264,546.2998028721761,349.9937290343723,Industrial,South,2152.99
1218.118113149211,58.664238390715255,868.6602508822363,661.613628183488,180.99558184725674,11.999729759892762,28.834268594718658,22.286830485105646,205.57291976089417,192.66180178559804,Transport,South,1455.3
882.6627459978862,62.067630110052455,276.1108407864233,1904.9973483494657,161.2671231147201,31.608650258919578,39.52895157428046,40.417575195326016,215.5664372867078,156.908758812811,Industrial,North,1391.11
1329.3354518362707,106.47234908600907,992.9348466509714,5719.815719184008,110.49158485539189,57.353424360069724,20.385721930538036,27.90384551360227,286.5851165018712,167.6411260923138,Commercial,Central,1537.34
543.4518177162747,364.35120231901846,1080.735618763427,2760.4462861672714,220.18164612113145,39.14462382024199,24.933848418028777,83.44916855047975,402.3479511753966,300.96594128530234,Commercial,Central,1736.49
734.1113682511555,60.29331595606463,452.1074115877793,2023.7168712401551,323.3750334197766,82.8681688969221,25.32410115208794,75.64186752350594,378.7886821567401,736.49012418508,Residential,North,1226.27
888.6061841103068,109.8429491832666,1409.7079024501802,950.6871436083945,55.744537440514286,68.22062954204763,31.46778510679161,25.01374583475041,628.2981607154776,267.25460301004284,Commercial,South,1070.15
771.9499013534992,109.52922223436777,1273.9958966624006,948.6752494879509,45.1975893513238,21.34505656040838,22.10611621156956,17.461409727490995,370.0177113702551,111.60733900847686,Transport,East,1299.29
576.5824050854904,196.53293300173596,951.4171359965451,3217.26256633107,113.40309816350279,53.885330496329544,30.817148037883005,12.317014541172618,149.88908476353117,177.38623768269514,Transport,South,1265.81
605.7750171045014,240.47257157365885,511.89038324021533,1014.8527998013957,126.42555812120933,78.75320001982344,29.898249158847012,30.40046165209967,191.9960401821171,319.91987693907583,Residential,West,1061.53
1168.1258474265044,214.87018150914653,1110.4297685616189,2469.4677923059066,131.3656202334548,89.12337515525644,31.066737174733984,53.21596293970401,143.35513199534023,195.4539134932616,Industrial,South,1939.09
645.7132915897938,182.89317213221756,689.4752041504622,1871.3967529099152,93.3890581837735,39.49443349080416,30.97611523422549,45.98948771777805,142.0618295340718,141.29020038310398,Residential,North,1021.73
1058.1240596797363,69.1666111348006,905.6910935124861,2375.384644584529,50.62524897608804,92.4464720151439,34.69159818316298,97.43491285863031,270.718526657052,271.90483183442996,Transport,South,1255.33
630.1918780171735,168.6607864534926,1159.1215529513513,1765.2084279168441,116.54004403519691,3.59694596194714,26.753952685313124,81.30210806727571,528.3396325367042,177.02596819617,Residential,East,1279.19
1055.2619329789554,301.4092344429577,389.0412819853578,2680.549239444765,126.9424046302488,,29.650789547457805,17.03680144730781,343.71785776201074,329.5129754154977,Transport,North,2042.16
677.8536038173485,351.07452597806656,327.30973680531304,3577.83948210999,111.27980110109495,78.19847448421913,23.317253572185457,24.30391442799682,409.5570378964398,334.08058189714666,Industrial,Central,2024.7
855.3262792252114,193.90017534149897,657.1533996371878,1785.0354363730135,128.49464304296893,42.51413806420554,22.17602494866216,12.39391466873708,470.02284010318175,386.68359160585516,Residential,North,1351.7
472.5477532360773,59.00538701541693,1870.8129451830096,3387.051560964227,147.45768061194926,1.0974475918825943,35.82414392301801,22.440372529443085,545.7251006344222,420.5019366302661,Residential,North,1251.63
733.3827886923644,195.5579064929014,2070.9172656754376,4573.704211211656,118.83785668548921,68.70351602694771,22.939406063214623,57.64754339436613,226.7625207654563,189.7116983979379,Industrial,East,2190.96
475.9049085199184,148.5172858033096,982.6315710841135,2456.4725002191794,92.80044622925585,34.2564242537991,30.20656038476444,16.906423179268828,511.9060948698507,458.3636014021391,Residential,East,1135.74
537.1562419463402,64.61905592570388,1290.310338910405,3166.6249513137036,128.87944801151858,15.181295469251399,29.655213997537412,15.38811525791143,480.8688021002738,242.84143203141255,Commercial,South,1022.76
557.8277002048509,87.62733827410186,816.3247166549919,805.6336118493583,153.25077685497462,15.710877651581034,32.87490447168636,20.634535386634067,265.370313239459,94.62911557625588,Transport,South,903.17
600.9354341791515,96.88960079357885,869.0234793544322,1810.269962781632,134.79949899660184,76.9164055831321,18.70899675700461,70.24722805658921,219.70153046316435,432.16505874848855,Commercial,North,1089.4
1000.434663177343,224.94921036548843,751.4333135654382,599.4089343590688,,18.738942421244076,31.45603496273091,11.742231241729886,300.67681479633677,570.921077699578,Commercial,West,1803.66
527.4215670180672,343.73925410587003,1362.0142697946503,1392.4994316866098,158.78818466094165,48.40982981421666,26.709839967924015,97.26634901746563,619.934944890259,263.60594179808186,Commercial,South,1801.03
699.1802164393521,207.98174199259847,1625.4395288667035,1826.0505844862405,131.7034470642607,97.03893596565585,24.000454407687982,44.27076371630973,541.4403968504107,470.8593119895551,Residential,North,1292.43
1056.7875962332146,228.5183659715092,859.4920195706155,6017.062193160597,85.56454380031211,75.88186978683417,25.745912441198048,40.292862492134844,264.2051079737584,274.0183071058602,Transport,South,1805.04
847.277569101524,153.94386600900572,867.2423526719364,1165.0613053387478,86.68265826355996,54.71936487147334,32.18385393520502,52.73315505710766,519.0013295950702,215.4431938922465,Residential,Central,1085.33
260.37413991926917,117.71136878610764,769.911924835476,1962.3501606656037,111.41468645109082,52.827535262419964,30.656202586625366,56.607561515496755,439.9289856133711,276.31373277281295,Residential,South,875.1
307.6525424142978,210.8365577519023,1644.3647105131681,1016.8042562301919,113.23172566357451,16.732744154661706,26.360382709972498,47.80120500674505,403.89150391819925,291.6859451413915,Residential,Central,978.03
778.5095798355879,184.11787485695356,1216.7276468473224,1723.824472831714,110.97824499234194,44.642357501527385,21.3044626796536,53.769329273287966,596.8849604573893,320.6012338756617,Transport,South,1427.41
514.8807719007448,101.86024265217783,505.8437740681903,2708.354613973936,162.26659398094938,14.489965390633541,21.6572770154418,40.576051067435756,376.4242921329079,249.40701095824966,Residential,North,1075.77
285.92690319134397,,1844.4417031740886,2986.702539384936,216.6339207836372,8.358211523104353,30.76515079962331,38.9806678651089,333.8758122728379,422.9066773588309,Transport,South,1614.27
497.2056870339992,159.16104882202535,216.6322524268918,1571.7997868301554,,10.913723595923452,20.61128787172803,12.458373860373495,112.45684151791819,376.4965331885817,Industrial,South,1366.63
791.7691449273966,135.30067196501162,1568.9788314030739,1288.2677268207487,174.22832520992873,60.66111566517781,26.409227558778458,70.46204806693429,468.21409900383804,167.47346210782166,Industrial,North,2037.35
554.9223269465879,115.50192061357826,1311.9007342822918,4935.813838728846,,19.35529827618563,40.405360636899516,65.55447816087141,210.81520030102513,224.2089659174947,Transport,East,1586.4
668.4923848631149,193.81032490770932,860.7516991868732,1492.516950502646,232.61360613904193,14.934551499108384,29.297804191850478,70.1938339634981,194.631389725244,411.47809322967794,Industrial,South,1753.66
578.3836723148299,119.5689313783893,850.8880960558496,338.1416477583357,84.5606302839361,86.71309620969872,30.71124601997502,94.69495486584749,339.19636249851436,270.8099461753029,Transport,West,1119.6
464.47669827122445,410.67500142460875,788.4912311001726,4179.184429092531,151.3503579869445,12.201296323445288,21.694823640668357,52.57762657019212,192.51892877095534,196.04899871463192,Residential,East,1272.31
726.8988734565384,204.48945874800853,518.113832683308,418.5171776106205,168.94891425039103,70.56351139087991,20.863491719137777,89.35933908720176,390.7685356101127,266.05257719333133,Industrial,East,1603.68
270.3276217948258,195.44766224119005,1776.6479221948405,4183.082822199447,235.99164729160694,41.70002621473965,30.979110185190255,49.95489221720634,360.2435475035117,125.95906683756205,Commercial,East,1522.42
436.48075124553185,145.4995716246594,838.9710981089466,609.9452342204665,303.99331859150817,57.907973776495936,25.58824005552571,52.98526247154055,345.76534980591464,532.3864017614917,Commercial,North,1253.69
919.1170366490578,129.11236363739988,513.4115301744094,715.9751081193759,108.9727445139419,2.3355414497008287,32.86810740781837,66.96572659434005,300.7315869835381,296.8710648915252,Transport,West,1352.15
312.6655587535953,50.8584211580947,1726.8261993921844,873.27759320683,145.0188211310146,0.0019239516578783977,27.715666188122594,29.431125944705684,461.4373117213479,213.48072923765852,Transport,North,1222.5
653.1435033082782,105.60378850316437,1033.5977630679854,1410.2453001560373,225.3721161905416,81.72485440189244,44.781813927750655,29.5620510301393,391.49408199753424,122.5155137870353,Industrial,West,1893.79
534.5658592330998,58.21453398580625,1062.3122267990457,4207.964230020267,,47.54411585097663,24.63840092343326,55.884865979765266,388.42856663123183,661.281867811412,Commercial,Central,1436.46
510.7981450554835,57.734126433726935,1906.4631321673814,894.5733800962369,115.17074854493222,7.130693644919273,28.945657645947147,16.174883594826447,220.93428619221726,116.01612024514802,Commercial,West,979.31
958.5819949623728,80.27275472070112,1129.8910355746866,2703.3081408491357,82.67807668976845,34.34561031905483,23.029271687062653,31.299224448159453,313.65375448064856,357.0866240241527,Commercial,East,1383.42
1042.999589462833,285.8427172909843,617.4002055763705,2338.574714319731,60.38579209536673,50.63544362507856,32.66040005326215,81.40709382228474,219.20496550996265,250.14106304174936,Commercial,South,1363.59
385.86239610544504,285.15606094782385,1129.097977182708,2082.938220894885,46.561007837710875,13.549347684699974,29.70256196937143,51.736008459361564,311.4168551045315,266.09393846589916,Commercial,Central,1432.07
603.2221507345055,106.96311751013852,541.8348554536246,3739.2077131184224,90.3218662054063,,22.694050732928364,12.395974019420471,235.37340871199842,282.39260249422944,Residential,South,796.88
232.78630916904086,68.19574000220388,674.9015891598012,2197.8119344890424,203.55311678734546,52.87507198372642,25.913575529432862,15.466727652606037,307.93725107463837,218.5442975767935,Residential,East,747.68
934.2618126519453,126.03608325252596,967.9116701071549,2308.9747832627513,209.45025896784733,60.28351663442258,34.35917386750263,92.75638407153689,313.7006984793892,292.87187538154325,Industrial,West,2227.38
637.5179271564871,223.8134444658472,1281.3475530731491,3149.1109622600356,,81.02618052554385,33.75854552686228,96.10466035062635,307.93635250597305,315.29860085975747,Commercial,Central,1384.8
301.7471355616801,257.10034938429976,634.865210261892,1444.3313053164925,112.50438427800276,41.277881338686186,20.42802180367177,67.69934540394252,466.11365032805503,398.39659328235973,Transport,Central,1299.17
446.75857551514935,176.6337456260808,777.6464945799692,1975.2653024055232,162.50929399086996,88.85600284600712,25.170151781338973,26.645059768757196,415.1996953097812,377.0660209339897,Industrial,North,1630.97
368.9169214012395,192.58336183188766,773.7350011571745,2453.8650044733886,135.8787596509429,47.46737529099381,36.606983781484836,43.12775867072707,169.68484886827332,168.9730613703968,Residential,Central,915.97
434.40096221818817,183.2099412106453,1383.0050704097368,3519.109931111239,115.31200909364254,45.71489642143127,26.664110996526386,37.49203508691739,292.8789288331827,187.47572405351843,Residential,North,1369.4
244.8554007801528,60.753027467239335,850.3730761607075,1808.850482832437,155.1097891607636,65.56856984039794,28.417112572746294,80.66406887392938,345.44137585985453,459.12518263694784,Residential,East,693.34
1162.4892127430644,72.17494972172369,1833.016367933925,1952.310969847519,109.95922879421046,61.75212153247836,32.63465958330038,58.338071661318864,230.64755133943416,233.07709492614347,Transport,Central,1490.21
393.1516975886426,350.7743874065746,674.6490510899946,2663.6295790130102,154.72846053232226,1.1434938758926094,20.83919146850789,80.16908937532273,360.5298948882636,346.64678049527583,Residential,West,1330.51
652.4265572977822,176.2097986113542,648.4698788572919,1832.2162205927673,167.07050547874195,98.24305902241949,22.80151251285301,42.44595491934998,243.5752653794542,506.72828661729164,Commercial,Central,1231.59
788.4915990524503,43.26504187336555,1555.9119062900102,1186.1709725585117,,94.26935861444679,25.881504583916797,88.25603171290358,323.07548770257114,301.48993486544714,Transport,South,1328.98
1043.6687591554125,198.44497680725178,1087.1276675342817,3145.6330083519547,51.84009471253853,28.12859424965558,33.523118099276246,48.62461372565294,208.25222742430685,164.95837533109506,Transport,South,1514.95
662.808211134201,94.33103376993809,2322.2370889479425,2205.822061908036,234.17893535156887,55.85833401657519,32.59882674126149,47.56366615431195,307.1452709382268,166.74660189308057,Residential,South,1177.41
574.2639120700679,267.39495682478434,1529.2398394436573,1522.820285900109,126.89264210555261,77.04851735896496,31.09883183593549,54.018859422023866,419.91008904821774,249.3933711938681,Residential,South,1370.47
675.6199256485343,253.28928444377914,443.8581285208711,871.9770903075615,305.6840008069483,92.04678240979582,26.804200256646155,63.262517833397204,445.70475998734804,249.85023128726067,Residential,West,1347.96
384.7824452440074,217.63357923964762,840.9587732032893,426.82176011961946,204.2261602702512,58.59066401244994,33.14784868839847,90.47006678423153,325.93269776551716,151.33985454414417,Residential,East,1047.6
400.29512791296014,175.18193886219308,967.3280032087578,2751.140399678566,84.00174400063294,1.894013293818242,26.736773845808447,51.19799903176484,737.9438976900245,181.9491674201647,Residential,West,1340.92
568.0374077578844,299.57382470316924,936.069082910437,1165.8604035883545,175.6457554311608,68.06779475372453,30.38984006186204,93.71226134925836,376.4221727901588,379.4677549534889,Commercial,East,1471.25
199.1633229856057,314.75433249681254,783.579998303205,578.4529823648978,,9.30780688990389,32.06019487697303,45.430150183019215,451.6111539592194,463.141010034382,Transport,South,1496.92
469.2313819603674,95.70487463391777,927.3697031608955,1064.7924205089867,118.28223955299322,67.11777735375999,35.98410033755323,39.21154250875442,555.4708199892875,236.7137812852278,Commercial,North,1030.32
519.1272594692056,216.44521206640877,950.241397074047,2446.4309067412123,80.58448518439693,58.74276020306337,27.218377077090867,36.554104658690854,232.61509680275253,40.14408540731012,Industrial,East,1506.49
1419.8730998678593,116.20183227378226,639.768146224476,1157.538101140499,73.32160641491303,64.06696279148098,25.686948895267914,11.90368042298778,418.06062963403434,364.2592397598571,Residential,Central,995.53
1104.1896805634963,88.03811752325238,1357.312687645047,2478.37639645177,59.34173994993184,18.92576989854008,33.97537681394183,86.42295465524707,358.7441076302667,105.40144944938233,Industrial,Central,1826.88
787.1958201459335,314.61835480151393,1736.2962339375529,1341.7541968508585,37.39186749056726,49.36098628119563,34.35926289341256,17.13103639863709,424.75689590785225,130.64093730152183,Industrial,South,2054.0
944.762335896564,233.8920900652548,1173.1394666414635,1966.95618526257,128.17364363131162,61.79567944667287,24.783127538048422,40.0898217328542,495.6943117419601,263.1046311039315,Transport,East,1829.49
398.6255488133997,182.59440515124928,1018.4901116743973,2082.3956558931195,75.41985364383922,30.02929114141628,21.974831340678676,32.54111077485081,214.53122213109248,519.5707491161334,Transport,West,1409.22
683.9555446214316,100.89997234317232,815.9158955372052,3040.5995557555257,95.19279777338419,18.162326142349773,33.595172330830565,76.99930607738993,724.0086131666825,407.74242576912377,Residential,West,1254.3
892.5479753837144,319.2301865555034,963.6504085768013,3100.674502018717,309.2985359045627,22.268073888629914,19.29136313202313,93.93284581038083,332.5532888693754,387.12137837650744,Residential,North,1634.41
400.4144505254968,484.2573677486614,1008.7532732076814,2010.4845458498162,167.46118901531014,85.80166691097794,19.035992857291742,83.50388055359593,280.1130431599504,264.57416949480995,Residential,East,1522.49
308.1169504057195,93.56462395382636,519.0650380292096,985.8355649259873,82.61273306214581,46.454352029500065,26.15852442595645,38.799849678152746,95.01753098799233,143.98810854921902,Commercial,North,704.2
749.8755654919876,81.9163025039893,1326.8560746772632,3988.8415479535515,379.919608135569,66.10733769765537,27.512198578645773,51.01816091778362,539.0263981851772,481.8818281733011,Transport,North,1907.38
326.0507184023858,159.4077354563018,696.6675788879999,1500.8135953711958,154.11292415048683,51.48888641489952,21.700239168614004,32.2333206791148,480.5760774570758,146.67428472461805,Commercial,West,1235.54
819.7667492879243,223.7921269124377,1593.8662322342082,223.6601380402701,18.083103911817133,83.4127251874082,28.1093216918859,93.15821721892326,297.48243777874,342.1006613183386,Industrial,North,1746.7
1035.6516136150128,132.69569171522184,121.07396469622199,2387.924221596963,363.1468803033978,50.84948671472862,28.3323504431824,20.687011713089177,127.6448420089523,311.4446444832249,Commercial,South,1250.95
406.7265320157,811.798588165923,913.2124218847432,2450.5504015608662,272.7130698788078,9.332531292163072,24.598060529728603,95.67590100802359,338.8335995355356,136.25527091078578,Residential,East,2212.87
422.200919754028,173.7384786970363,1337.369875736426,1543.3219811613985,156.82325956286562,19.798469353315305,37.16732089583928,83.22911446744043,160.44356293755504,103.30902531353424,Residential,West,1126.3
1021.9995274414475,115.93947317104563,1165.189515275868,613.0248882540625,127.6359984358246,1.3265415172021178,29.148806050036523,74.04199412736793,514.5658276971727,386.7612866904224,Industrial,East,2022.89
664.4527319480736,123.08830835319442,446.8048220532421,506.88422792518526,202.17718334704227,83.15242830597276,32.642445182608924,79.65942909850318,293.2206778092235,289.32154094417507,Industrial,North,1553.06
961.1675069541427,370.5213675435341,1528.701533243684,1624.6243453853372,150.0883638838479,66.32728333076844,19.718935056653386,40.54121262118425,205.85266916062517,480.3236809101279,Commercial,West,1961.0
577.791497823114,151.6885624759947,587.5222423795375,913.0289938500468,105.18672545107545,75.92019181216655,19.675790937747273,36.629785666640096,364.8520499386099,334.1384851167361,Residential,Central,867.93
598.1105159386034,309.14909313738224,674.4521131190494,3511.710564684734,101.7713490375028,71.50202346962507,29.300313053244633,44.3278779010887,388.7094420058412,313.78001850319333,Industrial,Central,1994.26
656.5368628312048,56.46287752001149,703.09878462673,1580.6088699364693,218.25942680051398,82.44796887366972,36.27428844710137,26.34519235786792,409.26252883993743,83.55993820171193,Residential,West,966.04
1288.5139872369211,270.10151687228154,364.65381932708607,1448.5104553089654,82.5114333995953,98.69695031172529,21.950321105138094,77.17240766764934,212.10525402585574,309.08049406539186,Transport,East,1737.94
927.6422406540663,,932.7992179959232,5642.020033451578,216.73954920646273,65.3471329910573,27.71688323250641,52.75394533054178,493.8795491628681,273.6215550614939,Residential,Central,1307.38
461.798642786926,236.7291649422452,1375.528107495497,262.90236320215973,137.75326420697974,25.226560296043864,20.82451877651841,89.72289624877452,296.3914253927068,336.42219849472565,Residential,East,1089.13
706.5029567147138,103.18099329943487,1576.0548406489563,1955.5150690286457,53.09920057798619,10.139004220984415,23.406887003926734,89.05433583491673,109.23939877864245,273.77823476064566,Commercial,North,1006.9
559.051703723635,127.84587738941846,783.4825456738815,440.0932932143245,225.37173378847277,58.97479283946525,27.96555659404105,24.026849072429037,75.89880764897805,270.07621136008925,Commercial,Central,1080.53
510.7937770336849,86.5591832352194,846.9711250475334,4244.033902864446,83.70859841795263,77.07570612808126,24.53694393318619,29.693644180640767,312.2572212421303,261.4049072126586,Commercial,South,996.37
809.4632184149368,239.01182615519116,1201.8544994186627,568.7309384873822,89.94317389615557,56.15717142012796,20.47238048415162,46.957620309501394,310.4218920597656,201.66326742443576,Commercial,Central,1119.49
736.284448474847,257.9336427203758,793.7571101765858,2514.3761566002654,121.16256108620274,30.355476805494952,20.36041154692707,20.693301365587033,307.87195864552535,384.2956518247616,Transport,South,1658.02
409.0384401187486,105.5323943279087,1431.8573615973926,2287.9313254509643,131.38026762437957,71.9734847905736,17.569959502678802,72.04904962843437,368.1566728604241,902.0585285465545,Commercial,Central,1252.34
657.289249250103,65.48554950672727,827.6132903253227,431.85321941242324,157.34580645815132,44.79724960696646,29.38291901607295,76.38360898028547,653.3948566577475,141.25362267898447,Commercial,East,1003.9
503.3688066392787,306.94598282853514,548.7186834794533,2526.5040011139513,219.57644602440402,,29.987905127155692,74.92153229163385,316.4346508903196,171.62074101236152,Commercial,East,1428.94
786.5318989782663,112.54567375977365,943.9799523510063,1337.6548811776033,215.94328342688914,84.1084488024411,29.96276718273693,52.3189282616262,334.02303768499485,383.52091707496305,Residential,South,962.86
492.82112876576184,147.55360611776334,401.2864518375491,2843.297320594651,100.11385575407698,57.6518781118207,22.454121010673788,85.88945996806017,252.2963395285814,245.46551518445244,Commercial,Central,913.31
599.7990100240921,95.23101130381662,938.195907969967,1274.4506732963764,101.86516121125696,28.344799788628993,32.02975645287091,64.52611720647403,316.0886923296828,220.69736547563988,Residential,North,835.19
517.4330386817115,227.5165271059691,1020.269695162736,2532.821235573477,207.9069930375324,32.86043343189188,30.53389333755429,99.42505985679485,413.2396460830086,103.67630688314279,Industrial,East,2140.07
265.2744776379942,230.3865074765076,588.9338997021805,1826.1606600866169,75.71687210995957,57.166511538476115,27.03647203322499,83.38943962982611,417.5711216010483,177.47148091917347,Residential,South,876.86
1259.6092550857463,332.2969172460964,1001.955349561083,2527.8728957569647,137.71358192352903,42.29235939919522,26.215856283703754,75.00329342047557,574.523196164402,161.656667266466,Transport,East,2478.11
653.9835050956226,274.05767428855665,749.149100463337,2810.1077053189183,262.7267605277196,16.05191181344011,23.75442265482015,21.09725222657419,122.98282760684494,107.04993489436657,Commercial,South,1437.06
1279.374163486712,264.66190302042764,577.1464373897753,1692.8741567625061,108.12359222384056,61.04699323920799,27.96080916964362,84.93400338685129,470.03448888843997,449.4933224047452,Transport,West,2177.2
667.5366018577932,154.73022519938348,372.97928009265553,1505.3937779292642,58.774572867622254,68.91100660522453,35.08623902658999,37.50149940922444,439.27337506839416,301.7511352699639,Commercial,South,923.76
874.5011525077822,144.8750528360303,424.56161588367434,2762.6405300579722,83.72144560379489,0.010879628343452019,32.68928307808257,47.702286599037485,150.04779666368134,858.0186263420997,Residential,North,1171.41
476.4750600390749,225.92227674832554,1667.9689169311944,1352.2275363936578,86.67483981328897,53.68693160933826,25.71894788185461,51.648425615825644,568.9847218230653,318.17160261716833,Industrial,North,1968.5
482.1719482552355,150.21783698110139,734.8329506725853,1717.5083581275958,79.92042068793441,57.71614798825668,29.6931073088718,39.817947608083884,165.92036605171964,148.19794676096302,Industrial,West,1394.76
637.3633937921079,278.74969018724744,1008.9031221343778,4748.552579933641,118.18539100886979,33.206405422896815,21.49284975239121,19.759492011651083,418.29785042878007,333.258278092288,Industrial,South,2080.86
1274.1979780697193,91.87134360380503,780.4618732110267,1969.405886217505,359.54918503652254,33.87312590381338,30.650335887026003,27.942746309951794,111.15072926023555,368.8792479724307,Commercial,South,1536.33
416.03290425259064,55.75763168461228,1686.9790376231717,3101.9573059020763,173.29628577140667,31.76588823293208,22.84571428667319,82.31198089890364,205.00546508020534,210.53321721700203,Industrial,West,1644.68
232.31653806814413,212.66759099579167,578.5038824268327,1206.789269936191,124.16661516527846,,30.45127780638837,68.70431190085432,423.8634177607256,363.1582626505143,Transport,South,1150.48
1011.4269435967011,120.28425417765649,880.7294284088645,2509.43275009711,129.7255281029437,81.19398788592999,41.84536095237201,94.85573418694894,431.785839949104,358.69325014500646,Industrial,South,1792.84
898.56449050255,84.0812711768947,672.2585066556558,1748.3695027160782,92.9018070483392,46.90260670929287,24.14993783836435,83.89615182863173,302.40718763879636,183.42677278536053,Residential,South,796.88
531.2079098706977,434.25154352213116,1330.7158772492546,1533.8259663421243,129.47080519273968,99.36487066810608,41.61401654619016,46.19982034433037,593.1342208814366,396.6804684437023,Industrial,South,2475.28
